Nr.;Nr. ordine;Nr. cliente;Ragione Sociale;Cod. valuta;Data scadenza;Importo;Importo IVA inclusa;Importo residuo;Spedire a - Codice;Spedire a - CAP;Data di registrazione;Cod. agente;Cdc Codice;Cod. colleg. dimen. 2;Cod. ubicazione;Copie stampate;Cod. condizioni pagam.;Chiuso;Annullato;Rettifica;E-mail inviata;Data/ora invio mail;Fatturare a - Indirizzo;Fatturare a - Città;Provincia di fatturazione;Spedire a - Indirizzo;Spedire a - Città;Cod. metodo di pagamento;Cat. reg. cliente;Fattore valuta;Partita IVA;C/C bancario;Importo residuo documento;Tipo di documento Fattura;Nota di Credito Collegata;Flg In Commessa;Nr. fornitore;Descrizione Fornitore;Fattura Acquisto Origine;Inviato allo SDI
FVI25-00255;;C00096;Ancora S.r.L.;;;15.000,00;15.000,00;0,00;;80100;30/12/2025;;;;;0;VISTA;VERO;FALSO;FALSO;FALSO;;Via Ferrante Imparato nr. 190;Napoli;NA;Via Ferrante Imparato nr. 190;Napoli;;CLI_EX;0,;13933591003;;0,00;TD01;FALSO;FALSO;;;;FALSO
FVI25-00254;;C00001;IBL Banca S.P.A.;;;8.549,04;8.549,04;0,00;;00187;29/12/2025;;;;;0;0GDF;VERO;FALSO;FALSO;FALSO;;VIA XX SETTEMBRE, 30;ROMA;RM;VIA XX SETTEMBRE, 30;ROMA;BO;CLI_IT;0,;14994571009;;0,00;TD01;FALSO;FALSO;;;;FALSO
FVI25-00253;;C00093;PRESTITOSI FINANCE SPA;;;5.762,50;5.762,50;0,00;;20126;29/12/2025;;;;;0;VISTA;VERO;FALSO;FALSO;FALSO;;Viale Dell'Innovazione nr. 13;MILANO;MI;Viale Dell'Innovazione nr. 13;MILANO;;CLI_IT;0,;02716500646;;0,00;TD01;FALSO;FALSO;;;;FALSO
FVI25-00252;;C00001;IBL Banca S.P.A.;;;2.769,60;2.769,60;0,00;;00187;15/12/2025;;;;;0;0GDF;VERO;FALSO;FALSO;FALSO;;VIA XX SETTEMBRE, 30;ROMA;RM;VIA XX SETTEMBRE, 30;ROMA;BO;CLI_IT;0,;14994571009;;0,00;TD01;FALSO;FALSO;;;;FALSO
FVI25-00251;;C00019;Agos Ducato S.p.A.;;;1.346,10;1.346,10;0,00;;20126;15/12/2025;;;;;0;VISTA;VERO;FALSO;FALSO;FALSO;;Viale Fulvio Testi, 280;MILANO;MI;Viale Fulvio Testi, 280;MILANO;;CLI_IT;0,;08570720154;;0,00;TD01;FALSO;FALSO;;;;FALSO
FVI25-00250;;C00001;IBL Banca S.P.A.;;;6.661,68;6.661,68;0,00;;00187;10/12/2025;;;;;0;0GDF;VERO;FALSO;FALSO;FALSO;;VIA XX SETTEMBRE, 30;ROMA;RM;VIA XX SETTEMBRE, 30;ROMA;BO;CLI_IT;0,;14994571009;;0,00;TD01;FALSO;FALSO;;;;FALSO
FVI25-00249;;C00027;Fucino Finance S.P.A.;;;12.468,80;12.468,80;0,00;;00186;05/12/2025;;;;;0;VISTA;VERO;FALSO;FALSO;FALSO;;Via Tomacelli, 107;ROMA;RM;Via Tomacelli, 107;ROMA;;CLI_IT;0,;01861900189;;0,00;TD01;FALSO;FALSO;;;;FALSO
FVI25-00248;;C00001;IBL Banca S.P.A.;;;16.224,48;16.224,48;0,00;;00187;04/12/2025;;;;;0;0GDF;VERO;FALSO;FALSO;FALSO;;VIA XX SETTEMBRE, 30;ROMA;RM;VIA XX SETTEMBRE, 30;ROMA;BO;CLI_IT;0,;14994571009;;0,00;TD01;FALSO;FALSO;;;;FALSO
FVI25-00247;;C00001;IBL Banca S.P.A.;;;4.838,40;4.838,40;0,00;;00187;04/12/2025;;;;;0;0GDF;VERO;FALSO;FALSO;FALSO;;VIA XX SETTEMBRE, 30;ROMA;RM;VIA XX SETTEMBRE, 30;ROMA;BO;CLI_IT;0,;14994571009;;0,00;TD01;FALSO;FALSO;;;;FALSO
FVI25-00246;;C00020;COMPASS Banca S.p.A.;;;982,72;982,72;0,00;;20153;04/12/2025;;;;;0;VISTA;VERO;FALSO;FALSO;FALSO;;Via Caldera, 21;MILANO;MI;Via Caldera, 21;MILANO;;CLI_IT;0,;10536040966;;0,00;TD01;FALSO;FALSO;;;;FALSO
FVI25-00245;;C00095;VASILE EUGEN HAVRICI;;;2.370,00;2.370,00;0,00;;76123;02/12/2025;;;;;0;VISTA;VERO;FALSO;FALSO;FALSO;;VIA DUCA D'AOSTA NR.180;ANDRIA;BT;VIA DUCA D'AOSTA NR.180;ANDRIA;;CLI_IT;0,;;;0,00;TD01;FALSO;FALSO;;;;FALSO
FVI25-00244;;C00018;BNT BANCA S.p.A.;;;2.310,00;2.310,00;0,00;;23100;02/12/2025;;;;;0;VISTA;VERO;FALSO;FALSO;FALSO;;Piazza Garibaldi, 16;SONDRIO;SO;Piazza Garibaldi, 16;SONDRIO;;CLI_IT;0,;01086930144;;0,00;TD01;FALSO;FALSO;;;;FALSO
FVI25-00243;;C00001;IBL Banca S.P.A.;;;9.205,20;9.205,20;0,00;;00187;02/12/2025;;;;;0;0GDF;VERO;FALSO;FALSO;FALSO;;VIA XX SETTEMBRE, 30;ROMA;RM;VIA XX SETTEMBRE, 30;ROMA;BO;CLI_IT;0,;14994571009;;0,00;TD01;FALSO;FALSO;;;;FALSO
FVI25-00242;;C00001;IBL Banca S.P.A.;;;8.141,76;8.141,76;0,00;;00187;27/11/2025;;;;;0;0GDF;VERO;FALSO;FALSO;FALSO;;VIA XX SETTEMBRE, 30;ROMA;RM;VIA XX SETTEMBRE, 30;ROMA;BO;CLI_IT;0,;14994571009;;0,00;TD01;FALSO;FALSO;;;;FALSO
FVI25-00241;;C00001;IBL Banca S.P.A.;;;8.304,00;8.304,00;0,00;;00187;17/11/2025;;;;;0;0GDF;VERO;FALSO;FALSO;FALSO;;VIA XX SETTEMBRE, 30;ROMA;RM;VIA XX SETTEMBRE, 30;ROMA;BO;CLI_IT;0,;14994571009;;0,00;TD01;FALSO;FALSO;;;;FALSO
FVI25-00240;;C00031;YOUNITED;;;90,00;90,00;0,00;;00187;11/11/2025;;;;;0;VISTA;VERO;FALSO;FALSO;FALSO;;Via Sardegna, 40;ROMA;RM;Via Sardegna, 40;ROMA;;CLI_IT;0,;13722821009;;0,00;TD01;FALSO;FALSO;;;;FALSO
FVI25-00239;;C00001;IBL Banca S.P.A.;;;27.825,12;27.825,12;0,00;;00187;10/11/2025;;;;;0;0GDF;VERO;FALSO;FALSO;FALSO;;VIA XX SETTEMBRE, 30;ROMA;RM;VIA XX SETTEMBRE, 30;ROMA;BO;CLI_IT;0,;14994571009;;0,00;TD01;FALSO;FALSO;;;;FALSO
FVI25-00238;;C00001;IBL Banca S.P.A.;;;3.386,40;3.386,40;0,00;;00187;10/11/2025;;;;;0;0GDF;VERO;FALSO;FALSO;FALSO;;VIA XX SETTEMBRE, 30;ROMA;RM;VIA XX SETTEMBRE, 30;ROMA;BO;CLI_IT;0,;14994571009;;0,00;TD01;FALSO;FALSO;;;;FALSO
FVI25-00237;;C00085;FIGENPA SPA;;;1.090,50;1.090,50;0,00;;16129;10/11/2025;;;;;0;VISTA;VERO;FALSO;FALSO;FALSO;;Viale Brigate Partigiane nr.6;GENOVA;GE;Viale Brigate Partigiane nr.6;GENOVA;;CLI_IT;0,;03401350107;;0,00;TD01;FALSO;FALSO;;;;FALSO
FVI25-00236;;C00019;Agos Ducato S.p.A.;;;1.594,50;1.594,50;0,00;;20126;10/11/2025;;;;;0;VISTA;VERO;FALSO;FALSO;FALSO;;Viale Fulvio Testi, 280;MILANO;MI;Viale Fulvio Testi, 280;MILANO;;CLI_IT;0,;08570720154;;0,00;TD01;FALSO;FALSO;;;;FALSO
FVI25-00235;;C00027;Fucino Finance S.P.A.;;;1.730,00;1.730,00;0,00;;00186;10/11/2025;;;;;0;VISTA;VERO;FALSO;FALSO;FALSO;;Via Tomacelli, 107;ROMA;RM;Via Tomacelli, 107;ROMA;;CLI_IT;0,;01861900189;;0,00;TD01;FALSO;FALSO;;;;FALSO
FVI25-00234;;C00093;PRESTITOSI FINANCE SPA;;;4.820,00;4.820,00;0,00;;20126;10/11/2025;;;;;0;VISTA;VERO;FALSO;FALSO;FALSO;;Viale Dell'Innovazione nr. 13;MILANO;MI;Viale Dell'Innovazione nr. 13;MILANO;;CLI_IT;0,;02716500646;;0,00;TD01;FALSO;FALSO;;;;FALSO
FVI25-00233;;C00021;Iside Broker Insurance S.R.L.;;;1.128,58;1.128,58;0,00;;22063;06/11/2025;;;;;0;VISTA;VERO;FALSO;FALSO;FALSO;;Via Asiago, 27;CANTU';CO;Via Asiago, 27;CANTU';;CLI_IT;0,;03361320132;;0,00;TD01;FALSO;FALSO;;;;FALSO
FVI25-00232;;C00035;Mediobanca  Premier Spa;;;2.408,00;2.408,00;0,00;;20100;06/11/2025;;;;;0;VISTA;VERO;FALSO;FALSO;FALSO;;Viale Bodio 37 palazzo 4;MILANO;MI;Viale Bodio 37 palazzo 4;MILANO;;CLI_IT;0,;10536040966;;0,00;TD01;FALSO;FALSO;;;;FALSO
FVI25-00231;;C00035;Mediobanca  Premier Spa;;;251,87;251,87;0,00;;20100;06/11/2025;;;;;0;VISTA;VERO;FALSO;FALSO;FALSO;;Viale Bodio 37 palazzo 4;MILANO;MI;Viale Bodio 37 palazzo 4;MILANO;;CLI_IT;0,;10536040966;;0,00;TD01;FALSO;FALSO;;;;FALSO
FVI25-00230;;C00092;PREZIOSA GIOVANNI;;;3.600,00;3.600,00;0,00;;71047;06/11/2025;;;;;0;VISTA;VERO;FALSO;FALSO;FALSO;;VIA NAZIONALE NR. 9;STORNARA;FG;VIA NAZIONALE NR. 9;STORNARA;;CLI_IT;0,;;;0,00;TD01;FALSO;FALSO;;;;FALSO
FVI25-00229;;C00026;Switcho S.r.l.;;;200,00;244,00;244,00;;20124;06/11/2025;;;;;0;VISTA;FALSO;FALSO;FALSO;FALSO;;Via Felice Casati nr.1/a;MILANO;MI;Via Felice Casati nr.1/a;MILANO;;CLI_IT;0,;10740070965;;244,00;TD01;FALSO;FALSO;;;;FALSO
FVI25-00228;;C00001;IBL Banca S.P.A.;;;3.263,76;3.263,76;0,00;;00187;05/11/2025;;;;;0;0GDF;VERO;FALSO;FALSO;FALSO;;VIA XX SETTEMBRE, 30;ROMA;RM;VIA XX SETTEMBRE, 30;ROMA;BO;CLI_IT;0,;14994571009;;0,00;TD01;FALSO;FALSO;;;;FALSO
FVI25-00227;;C00027;Fucino Finance S.P.A.;;;9.821,01;9.821,01;0,00;;00186;05/11/2025;;;;;0;VISTA;VERO;FALSO;FALSO;FALSO;;Via Tomacelli, 107;ROMA;RM;Via Tomacelli, 107;ROMA;;CLI_IT;0,;01861900189;;0,00;TD01;FALSO;FALSO;;;;FALSO
FVI25-00226;;C00001;IBL Banca S.P.A.;;;2.580,60;2.580,60;0,00;;00187;31/10/2025;;;;;0;0GDF;VERO;FALSO;FALSO;FALSO;;VIA XX SETTEMBRE, 30;ROMA;RM;VIA XX SETTEMBRE, 30;ROMA;BO;CLI_IT;0,;14994571009;;0,00;TD01;FALSO;FALSO;;;;FALSO
FVI25-00225;;C00026;Switcho S.r.l.;;;200,00;244,00;0,00;;20124;31/10/2025;;;;;0;VISTA;VERO;FALSO;FALSO;FALSO;;Via Felice Casati nr.1/a;MILANO;MI;Via Felice Casati nr.1/a;MILANO;;CLI_IT;0,;10740070965;;0,00;TD01;FALSO;FALSO;;;;FALSO
FVI25-00224;;C00001;IBL Banca S.P.A.;;;3.960,24;3.960,24;0,00;;00187;27/10/2025;;;;;0;0GDF;VERO;FALSO;FALSO;FALSO;;VIA XX SETTEMBRE, 30;ROMA;RM;VIA XX SETTEMBRE, 30;ROMA;BO;CLI_IT;0,;14994571009;;0,00;TD01;FALSO;FALSO;;;;FALSO
FVI25-00223;;C00091;ORSINI JESSICA;;;1.660,00;1.660,00;0,00;;24040;27/10/2025;;;;;0;VISTA;VERO;FALSO;FALSO;FALSO;;VIA PIETRO MASCAGNI NR. 1;ARZAGO D'ADDA;BG;VIA PIETRO MASCAGNI NR. 1;ARZAGO D'ADDA;BO;CLI_IT;0,;;;0,00;TD01;FALSO;FALSO;;;;FALSO
FVI25-00222;;C00090;LAPORTA ANTONIO;;;2.640,00;2.640,00;0,00;;76121;23/10/2025;;;;;0;VISTA;VERO;FALSO;FALSO;FALSO;;Via Silvio Pellico nr.54;BARLETTA;BA;Via Silvio Pellico nr.54;BARLETTA;;CLI_IT;0,;;;0,00;TD01;FALSO;FALSO;;;;FALSO
FVI25-00221;;C00089;FBA BROKERS INSURANCE DI FARAONE VINCENZO;;;2.124,00;2.124,00;0,00;;80078;23/10/2025;;;;;0;VISTA;VERO;FALSO;FALSO;FALSO;;Via Campi Flegrei nr. 52;POZZUOLI;NA;Via Campi Flegrei nr. 52;POZZUOLI;;CLI_IT;0,;07635201218;;0,00;TD01;FALSO;FALSO;;;;FALSO
FVI25-00220;;C00044;PERMICRO  S.P.A ;;;200,00;200,00;0,00;;10121;23/10/2025;;;;;0;VISTA;VERO;FALSO;FALSO;FALSO;;Via XX Settembre nr.38;TORINO;TO;Via XX Settembre nr.38;TORINO;;CLI_IT;0,;09645130015;;0,00;TD01;FALSO;FALSO;;;;FALSO
FVI25-00219;;C00001;IBL Banca S.P.A.;;;5.088,00;5.088,00;0,00;;00187;22/10/2025;;;;;0;0GDF;VERO;FALSO;FALSO;FALSO;;VIA XX SETTEMBRE, 30;ROMA;RM;VIA XX SETTEMBRE, 30;ROMA;BO;CLI_IT;0,;14994571009;;0,00;TD01;FALSO;FALSO;;;;FALSO
FVI25-00218;;C00001;IBL Banca S.P.A.;;;6.253,20;6.253,20;0,00;;00187;20/10/2025;;;;;0;0GDF;VERO;FALSO;FALSO;FALSO;;VIA XX SETTEMBRE, 30;ROMA;RM;VIA XX SETTEMBRE, 30;ROMA;BO;CLI_IT;0,;14994571009;;0,00;TD01;FALSO;FALSO;;;;FALSO
FVI25-00217;;C00085;FIGENPA SPA;;;1.201,20;1.201,20;0,00;;16129;15/10/2025;;;;;0;VISTA;VERO;FALSO;FALSO;FALSO;;Viale Brigate Partigiane nr.6;GENOVA;GE;Viale Brigate Partigiane nr.6;GENOVA;;CLI_IT;0,;03401350107;;0,00;TD01;FALSO;FALSO;;;;FALSO
FVI25-00216;;C00001;IBL Banca S.P.A.;;;8.042,88;8.042,88;0,00;;00187;15/10/2025;;;;;0;0GDF;VERO;FALSO;FALSO;FALSO;;VIA XX SETTEMBRE, 30;ROMA;RM;VIA XX SETTEMBRE, 30;ROMA;BO;CLI_IT;0,;14994571009;;0,00;TD01;FALSO;FALSO;;;;FALSO
FVI25-00215;;C00088;RUSSO ANTONIETTA;;;1.180,00;1.180,00;1.180,00;;76016;15/10/2025;;;;;0;;FALSO;FALSO;FALSO;FALSO;;Corso Vittorio Emanuele 75;MARGHERITA DI SAVOIA;FG;Corso Vittorio Emanuele 75;MARGHERITA DI SAVOIA;;CLI_IT;0,;;;1.180,00;TD01;FALSO;FALSO;;;;FALSO
FVI25-00214;;C00001;IBL Banca S.P.A.;;;5.893,92;5.893,92;0,00;;00187;13/10/2025;;;;;0;0GDF;VERO;FALSO;FALSO;FALSO;;VIA XX SETTEMBRE, 30;ROMA;RM;VIA XX SETTEMBRE, 30;ROMA;BO;CLI_IT;0,;14994571009;;0,00;TD01;FALSO;FALSO;;;;FALSO
FVI25-00213;;C00001;IBL Banca S.P.A.;;;13.476,00;13.476,00;0,00;;00187;08/10/2025;;;;;0;0GDF;VERO;FALSO;FALSO;FALSO;;VIA XX SETTEMBRE, 30;ROMA;RM;VIA XX SETTEMBRE, 30;ROMA;BO;CLI_IT;0,;14994571009;;0,00;TD01;FALSO;FALSO;;;;FALSO
FVI25-00212;;C00019;Agos Ducato S.p.A.;;;2.640,00;2.640,00;0,00;;20126;08/10/2025;;;;;0;VISTA;VERO;FALSO;FALSO;FALSO;;Viale Fulvio Testi, 280;MILANO;MI;Viale Fulvio Testi, 280;MILANO;;CLI_IT;0,;08570720154;;0,00;TD01;FALSO;FALSO;;;;FALSO
FVI25-00211;;C00035;Mediobanca  Premier Spa;;;685,28;685,28;0,00;;20100;08/10/2025;;;;;0;VISTA;VERO;FALSO;FALSO;FALSO;;Viale Bodio 37 palazzo 4;MILANO;MI;Viale Bodio 37 palazzo 4;MILANO;;CLI_IT;0,;10536040966;;0,00;TD01;FALSO;FALSO;;;;FALSO
FVI25-00210;;C00027;Fucino Finance S.P.A.;;;4.665,80;4.665,80;0,00;;00186;06/10/2025;;;;;0;VISTA;VERO;FALSO;FALSO;FALSO;;Via Tomacelli, 107;ROMA;RM;Via Tomacelli, 107;ROMA;;CLI_IT;0,;01861900189;;0,00;TD01;FALSO;FALSO;;;;FALSO
FVI25-00209;;C00001;IBL Banca S.P.A.;;;15.584,04;15.584,04;0,00;;00187;03/10/2025;;;;;0;0GDF;VERO;FALSO;FALSO;FALSO;;VIA XX SETTEMBRE, 30;ROMA;RM;VIA XX SETTEMBRE, 30;ROMA;BO;CLI_IT;0,;14994571009;;0,00;TD01;FALSO;FALSO;;;;FALSO
FVI25-00208;;C00001;IBL Banca S.P.A.;;;3.938,40;3.938,40;0,00;;00187;01/10/2025;;;;;0;0GDF;VERO;FALSO;FALSO;FALSO;;VIA XX SETTEMBRE, 30;ROMA;RM;VIA XX SETTEMBRE, 30;ROMA;BO;CLI_IT;0,;14994571009;;0,00;TD01;FALSO;FALSO;;;;FALSO
FVI25-00207;;C00018;BNT BANCA S.p.A.;;;5.889,00;5.889,00;0,00;;23100;01/10/2025;;;;;0;VISTA;VERO;FALSO;FALSO;FALSO;;Piazza Garibaldi, 16;SONDRIO;SO;Piazza Garibaldi, 16;SONDRIO;;CLI_IT;0,;01086930144;;0,00;TD01;FALSO;FALSO;;;;FALSO
FVI25-00206;;C00001;IBL Banca S.P.A.;;;6.396,96;6.396,96;0,00;;00187;26/09/2025;;;;;0;0GDF;VERO;FALSO;FALSO;FALSO;;VIA XX SETTEMBRE, 30;ROMA;RM;VIA XX SETTEMBRE, 30;ROMA;BO;CLI_IT;0,;14994571009;;0,00;TD01;FALSO;FALSO;;;;FALSO
FVI25-00205;;C00087;MESCIA MATTEO;;;560,00;560,00;0,00;;21010;25/09/2025;;;;;0;VISTA;VERO;FALSO;FALSO;FALSO;;VIA CARDUCCI NR.4;BESNATE;VA;VIA CARDUCCI NR.4;BESNATE;;CLI_IT;0,;;;0,00;TD01;FALSO;FALSO;;;;FALSO
FVI25-00204;;C00021;Iside Broker Insurance S.R.L.;;;4.600,24;4.600,24;0,00;;22063;22/09/2025;;;;;0;VISTA;VERO;FALSO;FALSO;FALSO;;Via Asiago, 27;CANTU';CO;Via Asiago, 27;CANTU';;CLI_IT;0,;03361320132;;0,00;TD01;FALSO;FALSO;;;;FALSO
FVI25-00203;;C00001;IBL Banca S.P.A.;;;14.320,20;14.320,20;0,00;;00187;22/09/2025;;;;;0;0GDF;VERO;FALSO;FALSO;FALSO;;VIA XX SETTEMBRE, 30;ROMA;RM;VIA XX SETTEMBRE, 30;ROMA;BO;CLI_IT;0,;14994571009;;0,00;TD01;FALSO;FALSO;;;;FALSO
FVI25-00202;;C00001;IBL Banca S.P.A.;;;4.454,35;4.454,35;0,00;;00187;17/09/2025;;;;;0;0GDF;VERO;FALSO;FALSO;FALSO;;VIA XX SETTEMBRE, 30;ROMA;RM;VIA XX SETTEMBRE, 30;ROMA;BO;CLI_IT;0,;14994571009;;0,00;TD01;FALSO;FALSO;;;;FALSO
FVI25-00201;;C00001;IBL Banca S.P.A.;;;2.810,40;2.810,40;0,00;;00187;12/09/2025;;;;;0;0GDF;VERO;FALSO;FALSO;FALSO;;VIA XX SETTEMBRE, 30;ROMA;RM;VIA XX SETTEMBRE, 30;ROMA;BO;CLI_IT;0,;14994571009;;0,00;TD01;FALSO;FALSO;;;;FALSO
FVI25-00200;;C00046;ASSICURA POINT BROKER SRL;;;37,00;37,00;37,00;;10153;05/09/2025;;;;;0;VISTA;FALSO;FALSO;FALSO;FALSO;;LUNGO DORA COLLETTA NR.67;TORINO;TO;LUNGO DORA COLLETTA NR.67;TORINO;BO;CLI_IT;0,;12003220014;BANCA;37,00;TD01;FALSO;FALSO;;;;FALSO
FVI25-00199;;C00019;Agos Ducato S.p.A.;;;223,20;223,20;0,00;;20126;05/09/2025;;;;;0;VISTA;VERO;FALSO;FALSO;FALSO;;Viale Fulvio Testi, 280;MILANO;MI;Viale Fulvio Testi, 280;MILANO;;CLI_IT;0,;08570720154;;0,00;TD01;FALSO;FALSO;;;;FALSO
FVI25-00198;;C00086;FORTUGNO RICCARDO;;;1.967,21;2.400,00;0,00;;76123;05/09/2025;;;;;0;VISTA;VERO;FALSO;FALSO;FALSO;;Via Nicola Pisano nr.53;ANDRIA;BT;Via Nicola Pisano nr.53;ANDRIA;;CLI_IT;0,;;;0,00;TD01;FALSO;FALSO;;;;FALSO
FVI25-00197;;C00035;Mediobanca  Premier Spa;;;141,65;141,65;0,00;;20100;04/09/2025;;;;;0;VISTA;VERO;FALSO;FALSO;FALSO;;Viale Bodio 37 palazzo 4;MILANO;MI;Viale Bodio 37 palazzo 4;MILANO;;CLI_IT;0,;10536040966;;0,00;TD01;FALSO;FALSO;;;;FALSO
FVI25-00196;;C00001;IBL Banca S.P.A.;;;9.073,80;9.073,80;0,00;;00187;03/09/2025;;;;;0;0GDF;VERO;FALSO;FALSO;FALSO;;VIA XX SETTEMBRE, 30;ROMA;RM;VIA XX SETTEMBRE, 30;ROMA;BO;CLI_IT;0,;14994571009;;0,00;TD01;FALSO;FALSO;;;;FALSO
FVI25-00195;;C00001;IBL Banca S.P.A.;;;2.989,20;2.989,20;0,00;;00187;03/09/2025;;;;;0;0GDF;VERO;FALSO;FALSO;FALSO;;VIA XX SETTEMBRE, 30;ROMA;RM;VIA XX SETTEMBRE, 30;ROMA;BO;CLI_IT;0,;14994571009;;0,00;TD01;FALSO;FALSO;;;;FALSO
FVI25-00194;;C00035;Mediobanca  Premier Spa;;;1.458,00;1.458,00;0,00;;20100;01/09/2025;;;;;0;VISTA;VERO;FALSO;FALSO;FALSO;;Viale Bodio 37 palazzo 4;MILANO;MI;Viale Bodio 37 palazzo 4;MILANO;;CLI_IT;0,;10536040966;;0,00;TD01;FALSO;FALSO;;;;FALSO
FVI25-00193;;C00018;BNT BANCA S.p.A.;;;2.967,30;2.967,30;0,00;;23100;01/09/2025;;;;;0;VISTA;VERO;FALSO;FALSO;FALSO;;Piazza Garibaldi, 16;SONDRIO;SO;Piazza Garibaldi, 16;SONDRIO;;CLI_IT;0,;01086930144;;0,00;TD01;FALSO;FALSO;;;;FALSO
FVI25-00192;;C00035;Mediobanca  Premier Spa;;;441,00;441,00;0,00;;20100;29/08/2025;;;;;0;VISTA;VERO;FALSO;FALSO;FALSO;;Viale Bodio 37 palazzo 4;MILANO;MI;Viale Bodio 37 palazzo 4;MILANO;;CLI_IT;0,;10536040966;;0,00;TD01;FALSO;FALSO;;;;FALSO
FVI25-00191;;C00035;Mediobanca  Premier Spa;;;1.422,62;1.422,62;0,00;;20100;29/08/2025;;;;;0;VISTA;VERO;FALSO;FALSO;FALSO;;Viale Bodio 37 palazzo 4;MILANO;MI;Viale Bodio 37 palazzo 4;MILANO;;CLI_IT;0,;10536040966;;0,00;TD01;FALSO;FALSO;;;;FALSO
FVI25-00190;;C00001;IBL Banca S.P.A.;;;4.092,60;4.092,60;0,00;;00187;29/08/2025;;;;;0;0GDF;VERO;FALSO;FALSO;FALSO;;VIA XX SETTEMBRE, 30;ROMA;RM;VIA XX SETTEMBRE, 30;ROMA;BO;CLI_IT;0,;14994571009;;0,00;TD01;FALSO;FALSO;;;;FALSO
FVI25-00189;;C00035;Mediobanca  Premier Spa;;;2.889,00;2.889,00;0,00;;20100;07/08/2025;;;;;0;VISTA;VERO;FALSO;FALSO;FALSO;;Viale Bodio 37 palazzo 4;MILANO;MI;Viale Bodio 37 palazzo 4;MILANO;;CLI_IT;0,;10536040966;;0,00;TD01;FALSO;FALSO;;;;FALSO
FVI25-00188;;C00085;FIGENPA SPA;;;1.282,00;1.282,00;0,00;;16129;07/08/2025;;;;;0;VISTA;VERO;FALSO;FALSO;FALSO;;Viale Brigate Partigiane nr.6;GENOVA;GE;Viale Brigate Partigiane nr.6;GENOVA;;CLI_IT;0,;03401350107;;0,00;TD01;FALSO;FALSO;;;;FALSO
FVI25-00187;;C00001;IBL Banca S.P.A.;;;6.519,90;6.519,90;0,00;;00187;06/08/2025;;;;;0;0GDF;VERO;FALSO;FALSO;FALSO;;VIA XX SETTEMBRE, 30;ROMA;RM;VIA XX SETTEMBRE, 30;ROMA;BO;CLI_IT;0,;14994571009;;0,00;TD01;FALSO;FALSO;;;;FALSO
FVI25-00186;;C00019;Agos Ducato S.p.A.;;;4.965,00;4.965,00;0,00;;20126;06/08/2025;;;;;0;VISTA;VERO;FALSO;FALSO;FALSO;;Viale Fulvio Testi, 280;MILANO;MI;Viale Fulvio Testi, 280;MILANO;;CLI_IT;0,;08570720154;;0,00;TD01;FALSO;FALSO;;;;FALSO
FVI25-00184;;C00020;COMPASS Banca S.p.A.;;;4.354,38;4.354,38;0,00;;20153;06/08/2025;;;;;0;VISTA;VERO;FALSO;FALSO;FALSO;;Via Caldera, 21;MILANO;MI;Via Caldera, 21;MILANO;;CLI_IT;0,;10536040966;;0,00;TD01;FALSO;FALSO;;;;FALSO
FVI25-00183;;C00027;Fucino Finance S.P.A.;;;23.107,04;23.107,04;0,00;;00186;05/08/2025;;;;;0;VISTA;VERO;FALSO;FALSO;FALSO;;Via Tomacelli, 107;ROMA;RM;Via Tomacelli, 107;ROMA;;CLI_IT;0,;01861900189;;0,00;TD01;FALSO;FALSO;;;;FALSO
FVI25-00181;;C00027;Fucino Finance S.P.A.;;;23.105,04;23.105,04;0,00;;00186;05/08/2025;;;;;0;VISTA;VERO;FALSO;FALSO;FALSO;;Via Tomacelli, 107;ROMA;RM;Via Tomacelli, 107;ROMA;;CLI_IT;0,;01861900189;;0,00;TD01;FALSO;FALSO;;;;FALSO
FVI25-00180;;C00001;IBL Banca S.P.A.;;;24.501,60;24.501,60;0,00;;00187;04/08/2025;;;;;0;0GDF;VERO;FALSO;FALSO;FALSO;;VIA XX SETTEMBRE, 30;ROMA;RM;VIA XX SETTEMBRE, 30;ROMA;BO;CLI_IT;0,;14994571009;;0,00;TD01;FALSO;FALSO;;;;FALSO
FVI25-00179;;C00001;IBL Banca S.P.A.;;;2.842,80;2.842,80;0,00;;00187;01/08/2025;;;;;0;0GDF;VERO;FALSO;FALSO;FALSO;;VIA XX SETTEMBRE, 30;ROMA;RM;VIA XX SETTEMBRE, 30;ROMA;BO;CLI_IT;0,;14994571009;;0,00;TD01;FALSO;FALSO;;;;FALSO
FVI25-00178;;C00001;IBL Banca S.P.A.;;;2.040,00;2.040,00;0,00;;00187;30/07/2025;;;;;0;0GDF;VERO;FALSO;FALSO;FALSO;;VIA XX SETTEMBRE, 30;ROMA;RM;VIA XX SETTEMBRE, 30;ROMA;BO;CLI_IT;0,;14994571009;;0,00;TD01;FALSO;FALSO;;;;FALSO
FVI25-00177;;C00044;PERMICRO  S.P.A ;;;125,00;125,00;0,00;;10121;30/07/2025;;;;;0;VISTA;VERO;FALSO;FALSO;FALSO;;Via XX Settembre nr.38;TORINO;TO;Via XX Settembre nr.38;TORINO;;CLI_IT;0,;09645130015;;0,00;TD01;FALSO;FALSO;;;;FALSO
FVI25-00176;;C00035;Mediobanca  Premier Spa;;;359,00;359,00;0,00;;20100;30/07/2025;;;;;0;VISTA;VERO;FALSO;FALSO;FALSO;;Viale Bodio 37 palazzo 4;MILANO;MI;Viale Bodio 37 palazzo 4;MILANO;;CLI_IT;0,;10536040966;;0,00;TD01;FALSO;FALSO;;;;FALSO
FVI25-00175;;C00083;MAGISTRI ALESSIO;;;2.160,00;2.160,00;0,00;;21013;30/07/2025;;;;;0;VISTA;VERO;FALSO;FALSO;FALSO;;VIA STATUTO NR. 13;GALLARATE;VA;VIA STATUTO NR. 13;GALLARATE;;CLI_IT;0,;;;0,00;TD01;FALSO;FALSO;;;;FALSO
FVI25-00174;;C00081;RIZZI MARIA;;;3.240,00;3.240,00;0,00;;76016;30/07/2025;;;;;0;VISTA;VERO;FALSO;FALSO;FALSO;;VIA BELLINI VINCENZO SNC;MARGHERITA DI SAVOIA;FG;VIA BELLINI VINCENZO SNC;MARGHERITA DI SAVOIA;;CLI_IT;0,;;;0,00;TD01;FALSO;FALSO;;;;FALSO
FVI25-00172;;C00026;Switcho S.r.l.;;;965,00;1.177,30;168,41;;20124;24/07/2025;;;;;0;VISTA;FALSO;FALSO;FALSO;FALSO;;Via Felice Casati nr.1/a;MILANO;MI;Via Felice Casati nr.1/a;MILANO;;CLI_IT;0,;10740070965;;168,41;TD01;FALSO;FALSO;;;;FALSO
FVI25-00169;;C00001;IBL Banca S.P.A.;;;7.799,95;7.799,95;0,00;;00187;23/07/2025;;;;;0;0GDF;VERO;FALSO;FALSO;FALSO;;VIA XX SETTEMBRE, 30;ROMA;RM;VIA XX SETTEMBRE, 30;ROMA;BO;CLI_IT;0,;14994571009;;0,00;TD01;FALSO;FALSO;;;;FALSO
FVI25-00168;;C00080;CRESPI LUISA MARIA;;;1.930,00;1.930,00;0,00;;21052;23/07/2025;;;;;0;VISTA;VERO;FALSO;FALSO;FALSO;;VIA LUIGI EINAUDI NR. 1;BUSTO ARSIZIO;VA;VIA LUIGI EINAUDI NR. 1;BUSTO ARSIZIO;;CLI_IT;0,;;;0,00;TD01;FALSO;FALSO;;;;FALSO
FVI25-00167;;C00001;IBL Banca S.P.A.;;;3.513,60;3.513,60;0,00;;00187;21/07/2025;;;;;0;0GDF;VERO;FALSO;FALSO;FALSO;;VIA XX SETTEMBRE, 30;ROMA;RM;VIA XX SETTEMBRE, 30;ROMA;BO;CLI_IT;0,;14994571009;;0,00;TD01;FALSO;FALSO;;;;FALSO
FVI25-00166;;C00001;IBL Banca S.P.A.;;;2.010,00;2.010,00;0,00;;00187;17/07/2025;;;;;0;0GDF;VERO;FALSO;FALSO;FALSO;;VIA XX SETTEMBRE, 30;ROMA;RM;VIA XX SETTEMBRE, 30;ROMA;BO;CLI_IT;0,;14994571009;;0,00;TD01;FALSO;FALSO;;;;FALSO
FVI25-00165;;C00021;Iside Broker Insurance S.R.L.;;;1.941,30;1.941,30;0,00;;22063;16/07/2025;;;;;0;VISTA;VERO;FALSO;FALSO;FALSO;;Via Asiago, 27;CANTU';CO;Via Asiago, 27;CANTU';;CLI_IT;0,;03361320132;;0,00;TD01;FALSO;FALSO;;;;FALSO
FVI25-00164;;C00035;Mediobanca  Premier Spa;;;3.912,50;3.912,50;0,00;;20100;16/07/2025;;;;;0;VISTA;VERO;FALSO;FALSO;FALSO;;Viale Bodio 37 palazzo 4;MILANO;MI;Viale Bodio 37 palazzo 4;MILANO;;CLI_IT;0,;10536040966;;0,00;TD01;FALSO;FALSO;;;;FALSO
FVI25-00163;;C00027;Fucino Finance S.P.A.;;;4.726,40;4.726,40;0,00;;00186;14/07/2025;;;;;0;VISTA;VERO;FALSO;FALSO;FALSO;;Via Tomacelli, 107;ROMA;RM;Via Tomacelli, 107;ROMA;;CLI_IT;0,;01861900189;;0,00;TD01;FALSO;FALSO;;;;FALSO
FVI25-00162;;C00001;IBL Banca S.P.A.;;;19.137,60;19.137,60;0,00;;00187;10/07/2025;;;;;0;0GDF;VERO;FALSO;FALSO;FALSO;;VIA XX SETTEMBRE, 30;ROMA;RM;VIA XX SETTEMBRE, 30;ROMA;BO;CLI_IT;0,;14994571009;;0,00;TD01;FALSO;FALSO;;;;FALSO
FVI25-00161;;C00027;Fucino Finance S.P.A.;;;13.890,20;13.890,20;0,00;;00186;07/07/2025;;;;;0;VISTA;VERO;FALSO;FALSO;FALSO;;Via Tomacelli, 107;ROMA;RM;Via Tomacelli, 107;ROMA;;CLI_IT;0,;01861900189;;0,00;TD01;FALSO;FALSO;;;;FALSO
FVI25-00160;;C00004;Banca di Sconto S.p.A.;;;1.213,20;1.213,20;0,00;;00187;03/07/2025;;;;;0;VISTA;VERO;FALSO;FALSO;FALSO;;Via Venti Settembre, 30;ROMA;RM;Via Venti Settembre, 30;ROMA;BO;CLI_IT;0,;14994571009;;0,00;TD01;FALSO;FALSO;;;;FALSO
FVI25-00159;;C00020;COMPASS Banca S.p.A.;;;111,38;111,38;111,38;;20153;03/07/2025;;;;;0;VISTA;FALSO;FALSO;FALSO;FALSO;;Via Caldera, 21;MILANO;MI;Via Caldera, 21;MILANO;;CLI_IT;0,;10536040966;;111,38;TD01;FALSO;FALSO;;;;FALSO
FVI25-00158;;C00037;CONFESERFIDI SOC.CONS. a.r.l;;;863,50;863,50;863,50;;97018;03/07/2025;;;;;0;VISTA;FALSO;FALSO;FALSO;FALSO;;Via del Lillà nr. 22;SCICLI;RG;Via del Lillà nr. 22;SCICLI;;CLI_IT;0,;01188660888;;863,50;TD01;FALSO;FALSO;;;;FALSO
FVI25-00157;;C00027;Fucino Finance S.P.A.;;;1.382,00;1.382,00;0,00;;00186;03/07/2025;;;;;0;VISTA;VERO;FALSO;FALSO;FALSO;;Via Tomacelli, 107;ROMA;RM;Via Tomacelli, 107;ROMA;;CLI_IT;0,;01861900189;;0,00;TD01;FALSO;FALSO;;;;FALSO
FVI25-00156;;C00001;IBL Banca S.P.A.;;;10.058,40;10.058,40;0,00;;00187;03/07/2025;;;;;0;0GDF;VERO;FALSO;FALSO;FALSO;;VIA XX SETTEMBRE, 30;ROMA;RM;VIA XX SETTEMBRE, 30;ROMA;BO;CLI_IT;0,;14994571009;;0,00;TD01;FALSO;FALSO;;;;FALSO
FVI25-00155;;C00001;IBL Banca S.P.A.;;;5.113,80;5.113,80;0,00;;00187;03/07/2025;;;;;0;0GDF;VERO;FALSO;FALSO;FALSO;;VIA XX SETTEMBRE, 30;ROMA;RM;VIA XX SETTEMBRE, 30;ROMA;BO;CLI_IT;0,;14994571009;;0,00;TD01;FALSO;FALSO;;;;FALSO
FVI25-00154;;C00001;IBL Banca S.P.A.;;;4.686,00;4.686,00;0,00;;00187;30/06/2025;;;;;0;0GDF;VERO;FALSO;FALSO;FALSO;;VIA XX SETTEMBRE, 30;ROMA;RM;VIA XX SETTEMBRE, 30;ROMA;BO;CLI_IT;0,;14994571009;;0,00;TD01;FALSO;FALSO;;;;FALSO
FVI25-00153;;C00079;BONADIE TOMMASO;;;2.680,00;2.680,00;0,00;;76123;30/06/2025;;;;;0;VISTA;VERO;FALSO;FALSO;FALSO;; VIA GIOACCHINO TOMA 12;ANDRIA;BT; VIA GIOACCHINO TOMA 12;ANDRIA;;CLI_IT;0,;;;0,00;TD01;FALSO;FALSO;;;;FALSO
FVI25-00152;;C00078;COLLACCHI LUIGI;;;1.120,00;1.120,00;1.120,00;;00034;30/06/2025;;;;;0;VISTA;FALSO;FALSO;FALSO;FALSO;;VIA CIMABUE NR.9;COLLEFERRO;RM;VIA CIMABUE NR.9;COLLEFERRO;;CLI_IT;0,;;;1.120,00;TD01;FALSO;FALSO;;;;FALSO
FVI25-00151;;C00077;GIORDANO NICOLA;;;3.062,00;3.062,00;3.062,00;;76123;30/06/2025;;;;;0;VISTA;FALSO;FALSO;FALSO;FALSO;;VIA ARTURO TOSCANINI NR.45;ANDRIA;BT;VIA ARTURO TOSCANINI NR.45;ANDRIA;;CLI_IT;0,;;;3.062,00;TD01;FALSO;FALSO;;;;FALSO
FVI25-00150;;C00076;MICCOLI LEONARDANTONIO;;;2.400,00;2.400,00;2.400,00;;76015;30/06/2025;;;;;0;VISTA;FALSO;FALSO;FALSO;FALSO;;VIA ALDO BOZZI;TRINITAPOLI;FG;VIA ALDO BOZZI;TRINITAPOLI;;CLI_IT;0,;;;2.400,00;TD01;FALSO;FALSO;;;;FALSO
FVI25-00149;;C00074;PALMIERI FEDERICO;;;3.600,00;3.600,00;3.600,00;;71047;30/06/2025;;;;;0;VISTA;FALSO;FALSO;FALSO;FALSO;;VIA SALVATOR ROSA 4;STORNARA;FG;VIA SALVATOR ROSA 4;STORNARA;;CLI_IT;0,;;;3.600,00;TD01;FALSO;FALSO;;;;FALSO
FVI25-00148;;C00073;SCAPPATICCI ANDREA;;;400,00;400,00;400,00;;03030;30/06/2025;;;;;0;VISTA;FALSO;FALSO;FALSO;FALSO;;VIA VALLEFALCA;SANTOPADRE;FR;VIA VALLEFALCA;SANTOPADRE;;CLI_IT;0,;;;400,00;TD01;FALSO;FALSO;;;;FALSO
FVI25-00147;;C00072;SILVESTRE PASQUALE;;;1.401,31;1.401,31;1.401,31;;74120;30/06/2025;;;;;0;VISTA;FALSO;FALSO;FALSO;FALSO;;VIA GARGIULO 53;TARANTO;TA;VIA GARGIULO 53;TARANTO;;CLI_IT;0,;;;1.401,31;TD01;FALSO;FALSO;;;;FALSO
FVI25-00146;;C00071;TODARO MATTIA;;;760,00;760,00;760,00;;15040;30/06/2025;;;;;0;VISTA;FALSO;FALSO;FALSO;FALSO;;VIA DON E RABAGLIATI 1;OCCIMIANO;AL;VIA DON E RABAGLIATI 1;OCCIMIANO;;CLI_IT;0,;;;760,00;TD01;FALSO;FALSO;;;;FALSO
FVI25-00145;;C00070;CATELLO VILLANI;;;2.880,00;2.880,00;0,00;;80051;30/06/2025;;;;;0;VISTA;VERO;FALSO;FALSO;FALSO;; VIA VILLANI 22;AGEROLA;NA; VIA VILLANI 22;AGEROLA;;CLI_IT;0,;;;0,00;TD01;FALSO;FALSO;;;;FALSO
FVI25-00144;;C00069;CILLI ALESSANDRO IGNAZIO;;;4.200,00;4.200,00;4.200,00;;76121;26/06/2025;;;;;0;VISTA;FALSO;FALSO;FALSO;FALSO;;VIA ANTONIO VIOLANTE 12;BARLETTA;BA;VIA ANTONIO VIOLANTE 12;BARLETTA;;CLI_IT;0,;;;4.200,00;TD01;FALSO;FALSO;;;;FALSO
FVI25-00143;;C00001;IBL Banca S.P.A.;;;3.627,48;3.627,48;0,00;;00187;23/06/2025;;;;;0;0GDF;VERO;FALSO;FALSO;FALSO;;VIA XX SETTEMBRE, 30;ROMA;RM;VIA XX SETTEMBRE, 30;ROMA;BO;CLI_IT;0,;14994571009;;0,00;TD01;FALSO;FALSO;;;;FALSO
FVI25-00142;;C00001;IBL Banca S.P.A.;;;6.121,92;6.121,92;0,00;;00187;18/06/2025;;;;;0;0GDF;VERO;FALSO;FALSO;FALSO;;VIA XX SETTEMBRE, 30;ROMA;RM;VIA XX SETTEMBRE, 30;ROMA;BO;CLI_IT;0,;14994571009;;0,00;TD01;FALSO;FALSO;;;;FALSO
FVI25-00141;;C00019;Agos Ducato S.p.A.;;;962,40;962,40;0,00;;20126;11/06/2025;;;;;0;VISTA;VERO;FALSO;FALSO;FALSO;;Viale Fulvio Testi, 280;MILANO;MI;Viale Fulvio Testi, 280;MILANO;;CLI_IT;0,;08570720154;;0,00;TD01;FALSO;FALSO;;;;FALSO
FVI25-00140;;C00004;Banca di Sconto S.p.A.;;;2.426,40;2.426,40;0,00;;00187;09/06/2025;;;;;0;VISTA;VERO;FALSO;FALSO;FALSO;;Via Venti Settembre, 30;ROMA;RM;Via Venti Settembre, 30;ROMA;BO;CLI_IT;0,;14994571009;;0,00;TD01;FALSO;FALSO;;;;FALSO
FVI25-00139;;C00001;IBL Banca S.P.A.;;;15.868,44;15.868,44;0,00;;00187;09/06/2025;;;;;0;0GDF;VERO;FALSO;FALSO;FALSO;;VIA XX SETTEMBRE, 30;ROMA;RM;VIA XX SETTEMBRE, 30;ROMA;BO;CLI_IT;0,;14994571009;;0,00;TD01;FALSO;FALSO;;;;FALSO
FVI25-00138;;C00027;Fucino Finance S.P.A.;;;5.925,80;5.925,80;0,00;;00186;09/06/2025;;;;;0;VISTA;VERO;FALSO;FALSO;FALSO;;Via Tomacelli, 107;ROMA;RM;Via Tomacelli, 107;ROMA;;CLI_IT;0,;01861900189;;0,00;TD01;FALSO;FALSO;;;;FALSO
FVI25-00137;;C00020;COMPASS Banca S.p.A.;;;1.251,95;1.251,95;0,00;;20153;05/06/2025;;;;;0;VISTA;VERO;FALSO;FALSO;FALSO;;Via Caldera, 21;MILANO;MI;Via Caldera, 21;MILANO;;CLI_IT;0,;10536040966;;0,00;TD01;FALSO;FALSO;;;;FALSO
FVI25-00135;;C00035;Mediobanca  Premier Spa;;;4.826,56;4.826,56;0,00;;20100;05/06/2025;;;;;0;VISTA;VERO;FALSO;FALSO;FALSO;;Viale Bodio 37 palazzo 4;MILANO;MI;Viale Bodio 37 palazzo 4;MILANO;;CLI_IT;0,;10536040966;;0,00;TD01;FALSO;FALSO;;;;FALSO
FVI25-00133;;C00027;Fucino Finance S.P.A.;;;5.169,20;5.169,20;0,00;;00186;05/06/2025;;;;;0;VISTA;VERO;FALSO;FALSO;FALSO;;Via Tomacelli, 107;ROMA;RM;Via Tomacelli, 107;ROMA;;CLI_IT;0,;01861900189;;0,00;TD01;FALSO;FALSO;;;;FALSO
FVI25-00132;;C00035;Mediobanca  Premier Spa;;;4.826,56;4.826,56;0,00;;20100;05/06/2025;;;;;0;VISTA;VERO;FALSO;FALSO;FALSO;;Viale Bodio 37 palazzo 4;MILANO;MI;Viale Bodio 37 palazzo 4;MILANO;;CLI_IT;0,;10536040966;;0,00;TD01;FALSO;FALSO;;;;FALSO
FVI25-00131;;C00068;MARCHE ANNA MARIA;;;1.500,00;1.500,00;0,00;;00100;04/06/2025;;;;;0;VISTA;VERO;FALSO;FALSO;FALSO;;VIA CORMONS 7;ROMA;RM;VIA CORMONS 7;ROMA;;CLI_IT;0,;;;0,00;TD01;FALSO;FALSO;;;;FALSO
FVI25-00130;;C00067;GUGLIELMI DEBORAH;;;2.400,00;2.400,00;0,00;;76123;04/06/2025;;;;;0;VISTA;VERO;FALSO;FALSO;FALSO;;VIA BRUNO BOZZI 93 ;ANDRIA;BT;VIA BRUNO BOZZI 93 ;ANDRIA;;CLI_IT;0,;;;0,00;TD01;FALSO;FALSO;;;;FALSO
FVI25-00129;;C00066;FUMAGALLI STEFANIA;;;700,00;700,00;0,00;;20060;04/06/2025;;;;;0;VISTA;VERO;FALSO;FALSO;FALSO;; VIA ANTONIO GRAMSCI 20;TRUCAZZANO;MI; VIA ANTONIO GRAMSCI 20;TRUCAZZANO;;CLI_IT;0,;;;0,00;TD01;FALSO;FALSO;;;;FALSO
FVI25-00128;;C00065;CAVENATI CRISTINA;;;4.500,00;4.500,00;0,00;;21015;04/06/2025;;;;;0;VISTA;VERO;FALSO;FALSO;FALSO;;PIAZZA S'ANTAMBROGIO 6;LONATE POZZOLO;VA;PIAZZA S'ANTAMBROGIO 6;LONATE POZZOLO;;CLI_IT;0,;;;0,00;TD01;FALSO;FALSO;;;;FALSO
FVI25-00127;;C00018;BNT BANCA S.p.A.;;;1.699,20;1.699,20;0,00;;23100;03/06/2025;;;;;0;VISTA;VERO;FALSO;FALSO;FALSO;;Piazza Garibaldi, 16;SONDRIO;SO;Piazza Garibaldi, 16;SONDRIO;;CLI_IT;0,;01086930144;;0,00;TD01;FALSO;FALSO;;;;FALSO
FVI25-00126;;C00004;Banca di Sconto S.p.A.;;;2.700,72;2.700,72;0,00;;00187;03/06/2025;;;;;0;VISTA;VERO;FALSO;FALSO;FALSO;;Via Venti Settembre, 30;ROMA;RM;Via Venti Settembre, 30;ROMA;BO;CLI_IT;0,;14994571009;;0,00;TD01;FALSO;FALSO;;;;FALSO
FVI25-00125;;C00001;IBL Banca S.P.A.;;;5.989,08;5.989,08;0,00;;00187;03/06/2025;;;;;0;0GDF;VERO;FALSO;FALSO;FALSO;;VIA XX SETTEMBRE, 30;ROMA;RM;VIA XX SETTEMBRE, 30;ROMA;BO;CLI_IT;0,;14994571009;;0,00;TD01;FALSO;FALSO;;;;FALSO
FVI25-00124;;C00064;GARGARONE CHIARA;;;850,00;850,00;850,00;;23871;29/05/2025;;;;;0;VISTA;FALSO;FALSO;FALSO;FALSO;; VIA GALILEO GALILEI 7;LOMAGNA;LC; VIA GALILEO GALILEI 7;LOMAGNA;;CLI_IT;0,;;;850,00;TD01;FALSO;FALSO;;;;FALSO
FVI25-00123;;C00063;RUSSO AGATINO;;;1.737,00;1.737,00;0,00;;24040;29/05/2025;;;;;0;VISTA;VERO;FALSO;FALSO;FALSO;;Via Aldo Moro nr.52;LALLIO;BG;Via Aldo Moro nr.52;LALLIO;;CLI_IT;0,;;;0,00;TD01;FALSO;FALSO;;;;FALSO
FVI25-00122;;C00062;BILGLIENI MATTIA;;;1.096,00;1.096,00;0,00;;24044;29/05/2025;;;;;0;VISTA;VERO;FALSO;FALSO;FALSO;; VIA DOMENICO CIMAROSA 4;DALMINE;BG; VIA DOMENICO CIMAROSA 4;DALMINE;;CLI_IT;0,;;;0,00;TD01;FALSO;FALSO;;;;FALSO
FVI25-00121;;C00061;ALLEGRETTI  MICHELE;;;3.000,00;3.000,00;0,00;;76016;29/05/2025;;;;;0;VISTA;VERO;FALSO;FALSO;FALSO;; PIAZZA DANTE ALIGHIERI 7;MARGHERITA DI SAVOIA;FG; PIAZZA DANTE ALIGHIERI 7;MARGHERITA DI SAVOIA;;CLI_IT;0,;;;0,00;TD01;FALSO;FALSO;;;;FALSO
FVI25-00120;;C00001;IBL Banca S.P.A.;;;2.898,00;2.898,00;0,00;;00187;26/05/2025;;;;;0;0GDF;VERO;FALSO;FALSO;FALSO;;VIA XX SETTEMBRE, 30;ROMA;RM;VIA XX SETTEMBRE, 30;ROMA;BO;CLI_IT;0,;14994571009;;0,00;TD01;FALSO;FALSO;;;;FALSO
FVI25-00118;;C00018;BNT BANCA S.p.A.;;;1.663,20;1.663,20;0,00;;23100;22/05/2025;;;;;0;VISTA;VERO;FALSO;FALSO;FALSO;;Piazza Garibaldi, 16;SONDRIO;SO;Piazza Garibaldi, 16;SONDRIO;;CLI_IT;0,;01086930144;;0,00;TD01;FALSO;FALSO;;;;FALSO
FVI25-00117;;C00001;IBL Banca S.P.A.;;;1.268,40;1.268,40;0,00;;00187;22/05/2025;;;;;0;0GDF;VERO;FALSO;FALSO;FALSO;;VIA XX SETTEMBRE, 30;ROMA;RM;VIA XX SETTEMBRE, 30;ROMA;BO;CLI_IT;0,;14994571009;;0,00;TD01;FALSO;FALSO;;;;FALSO
FVI25-00116;;C00035;Mediobanca  Premier Spa;;;2.590,00;2.590,00;0,00;;20100;21/05/2025;;;;;0;VISTA;VERO;FALSO;FALSO;FALSO;;Viale Bodio 37 palazzo 4;MILANO;MI;Viale Bodio 37 palazzo 4;MILANO;;CLI_IT;0,;10536040966;;0,00;TD01;FALSO;FALSO;;;;FALSO
FVI25-00115;;C00018;BNT BANCA S.p.A.;;;4.465,20;4.465,20;4.465,20;;23100;21/05/2025;;;;;0;VISTA;FALSO;FALSO;FALSO;FALSO;;Piazza Garibaldi, 16;SONDRIO;SO;Piazza Garibaldi, 16;SONDRIO;;CLI_IT;0,;01086930144;;4.465,20;TD01;FALSO;FALSO;;;;FALSO
FVI25-00114;;C00019;Agos Ducato S.p.A.;;;3.731,10;3.731,10;0,00;;20126;20/05/2025;;;;;0;VISTA;VERO;FALSO;FALSO;FALSO;;Viale Fulvio Testi, 280;MILANO;MI;Viale Fulvio Testi, 280;MILANO;;CLI_IT;0,;08570720154;;0,00;TD01;FALSO;FALSO;;;;FALSO
FVI25-00113;;C00001;IBL Banca S.P.A.;;;2.849,93;2.849,93;0,00;;00187;19/05/2025;;;;;0;0GDF;VERO;FALSO;FALSO;FALSO;;VIA XX SETTEMBRE, 30;ROMA;RM;VIA XX SETTEMBRE, 30;ROMA;BO;CLI_IT;0,;14994571009;;0,00;TD01;FALSO;FALSO;;;;FALSO
FVI25-00112;;C00004;Banca di Sconto S.p.A.;;;2.114,64;2.114,64;2.114,64;;00187;19/05/2025;;;;;0;VISTA;FALSO;FALSO;FALSO;FALSO;;Via Venti Settembre, 30;ROMA;RM;Via Venti Settembre, 30;ROMA;BO;CLI_IT;0,;14994571009;;2.114,64;TD01;FALSO;FALSO;;;;FALSO
FVI25-00111;;C00018;BNT BANCA S.p.A.;;;1.632,00;1.632,00;0,00;;23100;13/05/2025;;;;;0;VISTA;VERO;FALSO;FALSO;FALSO;;Piazza Garibaldi, 16;SONDRIO;SO;Piazza Garibaldi, 16;SONDRIO;;CLI_IT;0,;01086930144;;0,00;TD01;FALSO;FALSO;;;;FALSO
FVI25-00109;;C00001;IBL Banca S.P.A.;;;1.638,00;1.638,00;0,00;;00187;12/05/2025;;;;;0;0GDF;VERO;FALSO;FALSO;FALSO;;VIA XX SETTEMBRE, 30;ROMA;RM;VIA XX SETTEMBRE, 30;ROMA;BO;CLI_IT;0,;14994571009;;0,00;TD01;FALSO;FALSO;;;;FALSO
FVI25-00108;;C00004;Banca di Sconto S.p.A.;;;2.066,40;2.066,40;0,00;;00187;12/05/2025;;;;;0;VISTA;VERO;FALSO;FALSO;FALSO;;Via Venti Settembre, 30;ROMA;RM;Via Venti Settembre, 30;ROMA;BO;CLI_IT;0,;14994571009;;0,00;TD01;FALSO;FALSO;;;;FALSO
FVI25-00107;;C00021;Iside Broker Insurance S.R.L.;;;3.875,91;3.875,91;3.875,91;;22063;12/05/2025;;;;;0;VISTA;FALSO;FALSO;FALSO;FALSO;;Via Asiago, 27;CANTU';CO;Via Asiago, 27;CANTU';;CLI_IT;0,;03361320132;;3.875,91;TD01;FALSO;FALSO;;;;FALSO
FVI25-00106;;C00031;YOUNITED;;;210,00;210,00;0,00;;00187;12/05/2025;;;;;0;VISTA;VERO;FALSO;FALSO;FALSO;;Via Sardegna, 40;ROMA;RM;Via Sardegna, 40;ROMA;;CLI_IT;0,;13722821009;;0,00;TD01;FALSO;FALSO;;;;FALSO
FVI25-00105;;C00001;IBL Banca S.P.A.;;;2.736,00;2.736,00;2.736,00;;00187;08/05/2025;;;;;0;0GDF;FALSO;FALSO;FALSO;FALSO;;VIA XX SETTEMBRE, 30;ROMA;RM;VIA XX SETTEMBRE, 30;ROMA;BO;CLI_IT;0,;14994571009;;2.736,00;TD01;FALSO;FALSO;;;;FALSO
FVI25-00104;;C00001;IBL Banca S.P.A.;;08/05/2025;14.610,60;14.610,60;0,00;;00187;08/05/2025;;;;;0;0GDF;VERO;FALSO;FALSO;FALSO;;VIA XX SETTEMBRE, 30;ROMA;RM;VIA XX SETTEMBRE, 30;ROMA;BO;CLI_IT;0,;14994571009;;0,00;TD01;FALSO;FALSO;;;;FALSO
FVI25-00103;;C00019;Agos Ducato S.p.A.;;06/05/2025;5.965,50;5.965,50;274,41;;20126;06/05/2025;;;;;0;VISTA;FALSO;FALSO;FALSO;FALSO;;Viale Fulvio Testi, 280;MILANO;MI;Viale Fulvio Testi, 280;MILANO;;CLI_IT;0,;08570720154;;274,41;TD01;FALSO;FALSO;;;;FALSO
FVI25-00102;;C00001;IBL Banca S.P.A.;;06/05/2025;4.364,40;4.364,40;200,76;;00187;06/05/2025;;;;;0;0GDF;FALSO;FALSO;FALSO;FALSO;;VIA XX SETTEMBRE, 30;ROMA;RM;VIA XX SETTEMBRE, 30;ROMA;BO;CLI_IT;0,;14994571009;;200,76;TD01;FALSO;FALSO;;;;FALSO
FVI25-00101;;C00027;Fucino Finance S.P.A.;;;29.582,24;29.582,24;29.582,24;;00186;06/05/2025;;;;;0;VISTA;FALSO;VERO;FALSO;FALSO;;Via Tomacelli, 107;ROMA;RM;Via Tomacelli, 107;ROMA;;CLI_IT;0,;01861900189;;29.582,24;TD01;FALSO;FALSO;;;;FALSO
FVI25-00099;;C00027;Fucino Finance S.P.A.;;;29.582,24;29.582,24;0,00;;00186;05/05/2025;;;;;0;VISTA;VERO;FALSO;FALSO;FALSO;;Via Tomacelli, 107;ROMA;RM;Via Tomacelli, 107;ROMA;;CLI_IT;0,;01861900189;;0,00;TD01;FALSO;FALSO;;;;FALSO
FVI25-00098;;C00004;Banca di Sconto S.p.A.;;;175,20;175,20;0,00;;00187;02/05/2025;;;;;0;VISTA;VERO;FALSO;FALSO;FALSO;;Via Venti Settembre, 30;ROMA;RM;Via Venti Settembre, 30;ROMA;BO;CLI_IT;0,;14994571009;;0,00;TD01;FALSO;FALSO;;;;FALSO
FVI25-00097;;C00004;Banca di Sconto S.p.A.;;;12.458,88;12.458,88;0,00;;00187;02/05/2025;;;;;0;VISTA;VERO;FALSO;FALSO;FALSO;;Via Venti Settembre, 30;ROMA;RM;Via Venti Settembre, 30;ROMA;BO;CLI_IT;0,;14994571009;;0,00;TD01;FALSO;FALSO;;;;FALSO
FVI25-00096;;C00001;IBL Banca S.P.A.;;02/05/2025;1.253,70;1.253,70;57,67;;00187;02/05/2025;;;;;0;0GDF;FALSO;FALSO;FALSO;FALSO;;VIA XX SETTEMBRE, 30;ROMA;RM;VIA XX SETTEMBRE, 30;ROMA;BO;CLI_IT;0,;14994571009;;57,67;TD01;FALSO;FALSO;;;;FALSO
FVI25-00095;;C00001;IBL Banca S.P.A.;;;4.942,20;4.942,20;0,00;;00187;30/04/2025;;;;;0;0GDF;VERO;FALSO;FALSO;FALSO;;VIA XX SETTEMBRE, 30;ROMA;RM;VIA XX SETTEMBRE, 30;ROMA;BO;CLI_IT;0,;14994571009;;0,00;TD01;FALSO;FALSO;;;;FALSO
FVI25-00094;;C00024;Banca Nazionale del Lavoro S.p.A.;;;619,62;619,62;0,00;;00157;24/04/2025;;;;;0;VISTA;VERO;FALSO;FALSO;FALSO;;Via Altiero Spinelli, 30;ROMA;RM;Via Altiero Spinelli, 30;ROMA;;CLI_IT;0,;09339391006;;0,00;TD01;FALSO;FALSO;;;;FALSO
FVI25-00093;;C00004;Banca di Sconto S.p.A.;;;4.887,60;4.887,60;0,00;;00187;24/04/2025;;;;;0;VISTA;VERO;FALSO;FALSO;FALSO;;Via Venti Settembre, 30;ROMA;RM;Via Venti Settembre, 30;ROMA;BO;CLI_IT;0,;14994571009;;0,00;TD01;FALSO;FALSO;;;;FALSO
FVI25-00092;;C00001;IBL Banca S.P.A.;;;4.056,60;4.056,60;0,00;;00187;24/04/2025;;;;;0;0GDF;VERO;FALSO;FALSO;FALSO;;VIA XX SETTEMBRE, 30;ROMA;RM;VIA XX SETTEMBRE, 30;ROMA;BO;CLI_IT;0,;14994571009;;0,00;TD01;FALSO;FALSO;;;;FALSO
FVI25-00091;;C00021;Iside Broker Insurance S.R.L.;;;2.050,09;2.050,09;0,00;;22063;23/04/2025;;;;;0;VISTA;VERO;FALSO;FALSO;FALSO;;Via Asiago, 27;CANTU';CO;Via Asiago, 27;CANTU';;CLI_IT;0,;03361320132;;0,00;TD01;FALSO;FALSO;;;;FALSO
FVI25-00090;;C00059;LAPENNA VINCENZO;;;3.000,00;3.000,00;0,00;;76015;17/04/2025;;;;;0;VISTA;VERO;FALSO;FALSO;FALSO;; VIA PIAVE 25;TRINITAPOLI;FG; VIA PIAVE 25;TRINITAPOLI;;CLI_IT;0,;;;0,00;TD01;FALSO;FALSO;;;;FALSO
FVI25-00089;;C00058;LEONETTI ANTONIO ;;;2.400,00;2.400,00;0,00;;76123;17/04/2025;;;;;0;VISTA;VERO;FALSO;FALSO;FALSO;;VIA AURELIO SALICETI 18;ANDRIA;BT;VIA AURELIO SALICETI 18;ANDRIA;;CLI_IT;0,;;;0,00;TD01;FALSO;FALSO;;;;FALSO
FVI25-00088;;C00057; ACQUAVIVA STEFANO;;;3.400,00;3.400,00;0,00;;71046;17/04/2025;;;;;0;VISTA;VERO;FALSO;FALSO;FALSO;;VIA PROLOGO 16 ;SAN FERDINANDO DI PUGLIA;FG;VIA PROLOGO 16 ;SAN FERDINANDO DI PUGLIA;;CLI_IT;0,;;;0,00;TD01;FALSO;FALSO;;;;FALSO
FVI25-00087;;C00004;Banca di Sconto S.p.A.;;;4.321,20;4.321,20;0,00;;00187;17/04/2025;;;;;0;VISTA;VERO;FALSO;FALSO;FALSO;;Via Venti Settembre, 30;ROMA;RM;Via Venti Settembre, 30;ROMA;BO;CLI_IT;0,;14994571009;;0,00;TD01;FALSO;FALSO;;;;FALSO
FVI25-00086;;C00001;IBL Banca S.P.A.;;;1.399,20;1.399,20;0,00;;00187;17/04/2025;;;;;0;0GDF;VERO;FALSO;FALSO;FALSO;;VIA XX SETTEMBRE, 30;ROMA;RM;VIA XX SETTEMBRE, 30;ROMA;BO;CLI_IT;0,;14994571009;;0,00;TD01;FALSO;FALSO;;;;FALSO
FVI25-00085;;C00018;BNT BANCA S.p.A.;;;1.632,00;1.632,00;1.632,00;;23100;16/04/2025;;;;;0;VISTA;FALSO;FALSO;FALSO;FALSO;;Piazza Garibaldi, 16;SONDRIO;SO;Piazza Garibaldi, 16;SONDRIO;;CLI_IT;0,;03944450968;;1.632,00;TD01;FALSO;FALSO;;;;FALSO
FVI25-00084;;C00046;ASSICURA POINT BROKER SRL;;;101,50;101,50;0,00;;10153;16/04/2025;;;;;0;VISTA;VERO;FALSO;FALSO;FALSO;;LUNGO DORA COLLETTA NR.67;TORINO;TO;LUNGO DORA COLLETTA NR.67;TORINO;BO;CLI_IT;0,;12003220014;BANCA;0,00;TD01;FALSO;FALSO;;;;FALSO
FVI25-00082;;C00037;CONFESERFIDI SOC.CONS. a.r.l;;10/04/2025;800,00;800,00;36,80;;97018;10/04/2025;;;;;0;VISTA;FALSO;FALSO;FALSO;FALSO;;Via del Lillà nr. 22;SCICLI;RG;Via del Lillà nr. 22;SCICLI;;CLI_IT;0,;01188660888;;36,80;TD01;FALSO;FALSO;;;;FALSO
FVI25-00081;;C00046;ASSICURA POINT BROKER SRL;;;145,00;145,00;145,00;;10153;10/04/2025;;;;;0;VISTA;FALSO;FALSO;FALSO;FALSO;;LUNGO DORA COLLETTA NR.67;TORINO;TO;LUNGO DORA COLLETTA NR.67;;BO;CLI_IT;0,;;BANCA;145,00;TD01;FALSO;FALSO;;;;FALSO
FVI25-00080;;C00001;IBL Banca S.P.A.;;;3.929,40;3.929,40;0,00;;00187;10/04/2025;;;;;0;0GDF;VERO;FALSO;FALSO;FALSO;;VIA XX SETTEMBRE, 30;ROMA;RM;VIA XX SETTEMBRE, 30;ROMA;BO;CLI_IT;0,;14994571009;;0,00;TD01;FALSO;FALSO;;;;FALSO
FVI25-00079;;C00004;Banca di Sconto S.p.A.;;;13.681,92;13.681,92;0,00;;00187;10/04/2025;;;;;0;VISTA;VERO;FALSO;FALSO;FALSO;;Via Venti Settembre, 30;ROMA;RM;Via Venti Settembre, 30;ROMA;BO;CLI_IT;0,;14994571009;;0,00;TD01;FALSO;FALSO;;;;FALSO
FVI25-00078;;C00020;COMPASS Banca S.p.A.;;;259,81;259,81;0,00;;20153;07/04/2025;;;;;0;VISTA;VERO;FALSO;FALSO;FALSO;;Via Caldera, 21;MILANO;MI;Via Caldera, 21;MILANO;;CLI_IT;0,;10536040966;;0,00;TD01;FALSO;FALSO;;;;FALSO
FVI25-00077;;C00035;Mediobanca  Premier Spa;;;2.730,00;2.730,00;0,00;;20100;07/04/2025;;;;;0;VISTA;VERO;FALSO;FALSO;FALSO;;Viale Bodio 37 palazzo 4;MILANO;MI;Viale Bodio 37 palazzo 4;MILANO;;CLI_IT;0,;10536040966;;0,00;TD01;FALSO;FALSO;;;;FALSO
FVI25-00076;;C00044;PERMICRO  S.P.A ;;;125,00;125,00;0,00;;10121;07/04/2025;;;;;0;VISTA;VERO;FALSO;FALSO;FALSO;;Via XX Settembre nr.38;TORINO;TO;Via XX Settembre nr.38;TORINO;;CLI_IT;0,;09645130015;;0,00;TD01;FALSO;FALSO;;;;FALSO
FVI25-00075;;C00027;Fucino Finance S.P.A.;;;4.994,40;4.994,40;0,00;;00186;07/04/2025;;;;;0;VISTA;VERO;FALSO;FALSO;FALSO;;Via Tomacelli, 107;ROMA;RM;Via Tomacelli, 107;ROMA;;CLI_IT;0,;01861900189;;0,00;TD01;FALSO;FALSO;;;;FALSO
FVI25-00074;;C00001;IBL Banca S.P.A.;;;8.274,96;8.274,96;0,00;;00187;03/04/2025;;;;;0;0GDF;VERO;FALSO;FALSO;FALSO;;VIA XX SETTEMBRE, 30;ROMA;RM;VIA XX SETTEMBRE, 30;ROMA;BO;CLI_IT;0,;14994571009;;0,00;TD01;FALSO;FALSO;;;;FALSO
FVI25-00073;;C00001;IBL Banca S.P.A.;;;5.716,80;5.716,80;0,00;;00187;03/04/2025;;;;;0;0GDF;VERO;FALSO;FALSO;FALSO;;VIA XX SETTEMBRE, 30;ROMA;RM;VIA XX SETTEMBRE, 30;ROMA;BO;CLI_IT;0,;14994571009;;0,00;TD01;FALSO;FALSO;;;;FALSO
FVI25-00072;;C00001;IBL Banca S.P.A.;;;2.560,80;2.560,80;0,00;;00187;02/04/2025;;;;;0;0GDF;VERO;FALSO;FALSO;FALSO;;VIA XX SETTEMBRE, 30;ROMA;RM;VIA XX SETTEMBRE, 30;ROMA;BO;CLI_IT;0,;14994571009;;0,00;TD01;FALSO;FALSO;;;;FALSO
FVI25-00071;;C00004;Banca di Sconto S.p.A.;;;4.053,60;4.053,60;0,00;;00187;01/04/2025;;;;;0;VISTA;VERO;FALSO;FALSO;FALSO;;Via Venti Settembre, 30;ROMA;RM;Via Venti Settembre, 30;ROMA;BO;CLI_IT;0,;14994571009;;0,00;TD01;FALSO;FALSO;;;;FALSO
FVI25-00070;;C00004;Banca di Sconto S.p.A.;;;13.687,20;13.687,20;0,00;;00187;01/04/2025;;;;;0;VISTA;VERO;FALSO;FALSO;FALSO;;Via Venti Settembre, 30;ROMA;RM;Via Venti Settembre, 30;ROMA;BO;CLI_IT;0,;14994571009;;0,00;TD01;FALSO;FALSO;;;;FALSO
FVI25-00069;;C00001;IBL Banca S.P.A.;;;2.648,64;2.648,64;0,00;;00187;26/03/2025;;;;;0;0GDF;VERO;FALSO;FALSO;FALSO;;VIA XX SETTEMBRE, 30;ROMA;RM;VIA XX SETTEMBRE, 30;ROMA;BO;CLI_IT;0,;14994571009;;0,00;TD01;FALSO;FALSO;;;;FALSO
FVI25-00068;;C00024;Banca Nazionale del Lavoro S.p.A.;;;371,65;371,65;0,00;;00157;26/03/2025;;;;;0;VISTA;VERO;FALSO;FALSO;FALSO;;Via Altiero Spinelli, 30;ROMA;RM;Via Altiero Spinelli, 30;ROMA;;CLI_IT;0,;09339391006;;0,00;TD01;FALSO;FALSO;;;;FALSO
FVI25-00067;;C00004;Banca di Sconto S.p.A.;;;3.288,00;3.288,00;0,00;;00187;24/03/2025;;;;;0;VISTA;VERO;FALSO;FALSO;FALSO;;Via Venti Settembre, 30;ROMA;RM;Via Venti Settembre, 30;ROMA;BO;CLI_IT;0,;14994571009;;0,00;TD01;FALSO;FALSO;;;;FALSO
FVI25-00066;;C00004;Banca di Sconto S.p.A.;;;4.723,20;4.723,20;0,00;;00187;17/03/2025;;NAPOLI;;;0;VISTA;VERO;FALSO;FALSO;FALSO;;Via Venti Settembre, 30;ROMA;RM;Via Venti Settembre, 30;ROMA;BO;CLI_IT;0,;14994571009;;0,00;TD01;FALSO;FALSO;;;;FALSO
FVI25-00065;;C00027;Fucino Finance S.P.A.;;;1.800,00;1.800,00;0,00;;00186;10/03/2025;;;;;0;VISTA;VERO;FALSO;FALSO;FALSO;;Via Tomacelli, 107;ROMA;RM;Via Tomacelli, 107;ROMA;;CLI_IT;0,;01861900189;;0,00;TD01;FALSO;FALSO;;;;FALSO
FVI25-00064;;C00004;Banca di Sconto S.p.A.;;;11.649,60;11.649,60;0,00;;00187;10/03/2025;;;;;0;VISTA;VERO;FALSO;FALSO;FALSO;;Via Venti Settembre, 30;ROMA;RM;Via Venti Settembre, 30;ROMA;BO;CLI_IT;0,;14994571009;;0,00;TD01;FALSO;FALSO;;;;FALSO
FVI25-00063;;C00019;Agos Ducato S.p.A.;;;1.307,70;1.307,70;0,00;;20126;08/03/2025;;;;;0;VISTA;VERO;FALSO;FALSO;FALSO;;Viale Fulvio Testi, 280;MILANO;MI;Viale Fulvio Testi, 280;MILANO;;CLI_IT;0,;08570720154;;0,00;TD01;FALSO;FALSO;;;;FALSO
FVI25-00062;;C00035;Mediobanca  Premier Spa;;;208,80;208,80;0,00;;20100;06/03/2025;;;;;0;VISTA;VERO;FALSO;FALSO;FALSO;;Viale Bodio 37 palazzo 4;MILANO;MI;Viale Bodio 37 palazzo 4;MILANO;;CLI_IT;0,;10536040966;;0,00;TD01;FALSO;FALSO;;;;FALSO
FVI25-00061;;C00001;IBL Banca S.P.A.;;;2.364,48;2.364,48;0,00;;00187;06/03/2025;;;;;0;0GDF;VERO;FALSO;FALSO;FALSO;;VIA XX SETTEMBRE, 30;ROMA;RM;VIA XX SETTEMBRE, 30;ROMA;BO;CLI_IT;0,;14994571009;;0,00;TD01;FALSO;FALSO;;;;FALSO
FVI25-00060;;C00001;IBL Banca S.P.A.;;;1.224,00;1.224,00;0,00;;00187;06/03/2025;;;;;0;0GDF;VERO;FALSO;FALSO;FALSO;;VIA XX SETTEMBRE, 30;ROMA;RM;VIA XX SETTEMBRE, 30;ROMA;BO;CLI_IT;0,;14994571009;;0,00;TD01;FALSO;FALSO;;;;FALSO
FVI25-00059;;C00027;Fucino Finance S.P.A.;;;3.973,52;3.973,52;0,00;;00186;05/03/2025;;;;;0;VISTA;VERO;FALSO;FALSO;FALSO;;Via Tomacelli, 107;ROMA;RM;Via Tomacelli, 107;ROMA;;CLI_IT;0,;01861900189;;0,00;TD01;FALSO;FALSO;;;;FALSO
FVI25-00058;;C00055;MOROZAN VICTOR ;;;1.500,00;1.500,00;0,00;;40100;05/03/2025;;;;;0;VISTA;VERO;FALSO;FALSO;FALSO;;VIA MONDO 21;BOLOGNA;BO;VIA MONDO 21;BOLOGNA;;CLI_IT;0,;;;0,00;TD01;FALSO;FALSO;;;;FALSO
FVI25-00057;;C00054;LOMBARDI RUGGERO GIUSEPPE;;;2.080,00;2.080,00;0,00;;70052;05/03/2025;;;;;0;VISTA;VERO;FALSO;FALSO;FALSO;;VIA GIUSEPPE VERDI 10;BISCEGLIE;BA;VIA GIUSEPPE VERDI 10;BISCEGLIE;;CLI_IT;0,;;;0,00;TD01;FALSO;FALSO;;;;FALSO
FVI25-00056;;C00053;GRILLO SALVATORE ANTONIO;;;1.962,00;1.962,00;1.962,00;;89842;05/03/2025;;;;;0;VISTA;FALSO;FALSO;FALSO;FALSO;;VIA MENOTTI 24;SAN CALOGERO;VV;VIA MENOTTI 24;SAN CALOGERO;;CLI_IT;0,;;;1.962,00;TD01;FALSO;FALSO;;;;FALSO
FVI25-00055;;C00052;DE PAOLA GIACOMO;;;1.260,00;1.260,00;0,00;;70025;05/03/2025;;;;;1;VISTA;VERO;FALSO;FALSO;FALSO;;VIA DALLA CHIESA 31/I;GRUMO APPULA;BA;VIA DALLA CHIESA 31/I;GRUMO APPULA;;CLI_IT;0,;;;0,00;TD01;FALSO;FALSO;;;;FALSO
FVI25-00054;;C00051;COZZOLINO GIORGIO;;;725,00;725,00;725,00;;80059;05/03/2025;;;;;0;VISTA;FALSO;FALSO;FALSO;FALSO;;VIA EVA PERON 10;TORRE DEL GRECO;NA;VIA EVA PERON 10;TORRE DEL GRECO;;CLI_IT;0,;;;725,00;TD01;FALSO;FALSO;;;;FALSO
FVI25-00053;;C00050;CONDELLO GIUSEPPE;;;1.950,00;1.950,00;1.950,00;;94015;05/03/2025;;;;;0;VISTA;FALSO;FALSO;FALSO;FALSO;;VIA GORIZIA 5;PIAZZA ARMERINA;EN;VIA GORIZIA 5;PIAZZA ARMERINA;;CLI_IT;0,;;;1.950,00;TD01;FALSO;FALSO;;;;FALSO
FVI25-00052;;C00049;CECI ANTONIO;;;1.440,00;1.440,00;1.440,00;;71100;05/03/2025;;;;;0;VISTA;FALSO;FALSO;FALSO;FALSO;;VIA SAN CASSANO 1;FOGGIA;FG;VIA SAN CASSANO 1;FOGGIA;;CLI_IT;0,;;;1.440,00;TD01;FALSO;FALSO;;;;FALSO
FVI25-00051;;C00048;CAMPAGNUOLO CONCETTINA;;;750,00;750,00;750,00;;00040;05/03/2025;;;;;0;VISTA;FALSO;FALSO;FALSO;FALSO;;VIA CILE 13;POMEZIA;RM;VIA CILE 13;POMEZIA;;CLI_IT;0,;;;750,00;TD01;FALSO;FALSO;;;;FALSO
FVI25-00050;;C00047;LOMONTE FRANCO;;;550,00;550,00;550,00;;76123;05/03/2025;;;;;0;VISTA;FALSO;FALSO;FALSO;FALSO;;VIA LUSSEMBURGO NR.29;ANDRIA;BT;VIA LUSSEMBURGO NR.29;ANDRIA;;CLI_IT;0,;;;550,00;TD01;FALSO;FALSO;;;;FALSO
FVI25-00049;;C00027;Fucino Finance S.P.A.;;;2.462,35;2.462,35;0,00;;00186;03/03/2025;;;;;0;VISTA;VERO;FALSO;FALSO;FALSO;;Via Tomacelli, 107;ROMA;RM;Via Tomacelli, 107;ROMA;;CLI_IT;0,;01861900189;;0,00;TD01;FALSO;FALSO;;;;FALSO
FVI25-00047;;C00020;COMPASS Banca S.p.A.;;;1.360,40;1.360,40;1.360,40;;20153;03/03/2025;;;;;0;VISTA;FALSO;FALSO;FALSO;FALSO;;Via Caldera, 21;MILANO;MI;Via Caldera, 21;MILANO;;CLI_IT;0,;10536040966;;1.360,40;TD01;FALSO;FALSO;;;;FALSO
FVI25-00046;;C00001;IBL Banca S.P.A.;;;3.197,90;3.197,90;0,00;;00187;03/03/2025;;;;;0;0GDF;VERO;FALSO;FALSO;FALSO;;VIA XX SETTEMBRE, 30;ROMA;RM;VIA XX SETTEMBRE, 30;ROMA;BO;CLI_IT;0,;14994571009;;0,00;TD01;FALSO;FALSO;;;;FALSO
FVI25-00045;;C00004;Banca di Sconto S.p.A.;;;10.245,96;10.245,96;0,00;;00187;03/03/2025;;;;;0;VISTA;VERO;FALSO;FALSO;FALSO;;Via Venti Settembre, 30;ROMA;RM;Via Venti Settembre, 30;ROMA;BO;CLI_IT;0,;14994571009;;0,00;TD01;FALSO;FALSO;;;;FALSO
FVI25-00044;;C00004;Banca di Sconto S.p.A.;;;10.522,32;10.522,32;0,00;;00187;27/02/2025;;;;;0;VISTA;VERO;FALSO;FALSO;FALSO;;Via Venti Settembre, 30;ROMA;RM;Via Venti Settembre, 30;ROMA;BO;CLI_IT;0,;14994571009;;0,00;TD01;FALSO;FALSO;;;;FALSO
FVI25-00043;;C00024;Banca Nazionale del Lavoro S.p.A.;;;1.350,00;1.350,00;0,00;;00157;27/02/2025;;;;;0;VISTA;VERO;FALSO;FALSO;FALSO;;Via Altiero Spinelli, 30;ROMA;RM;Via Altiero Spinelli, 30;ROMA;;CLI_IT;0,;09339391006;;0,00;TD01;FALSO;FALSO;;;;FALSO
FVI25-00042;;C00026;Switcho S.r.l.;;;330,00;330,00;330,00;;20145;27/02/2025;;;;;0;VISTA;FALSO;FALSO;FALSO;FALSO;;Via Lorenzo Mascheroni, 15;MILANO;MI;Via Lorenzo Mascheroni, 15;MILANO;;CLI_IT;0,;10740070965;;330,00;TD01;FALSO;FALSO;;;;FALSO
FVI25-00041;;C00001;IBL Banca S.P.A.;;;2.442,00;2.442,00;0,00;;00187;26/02/2025;;;;;0;0GDF;VERO;FALSO;FALSO;FALSO;;VIA XX SETTEMBRE, 30;ROMA;RM;VIA XX SETTEMBRE, 30;ROMA;BO;CLI_IT;0,;14994571009;;0,00;TD01;FALSO;FALSO;;;;FALSO
FVI25-00040;;C00021;Iside Broker Insurance S.R.L.;;;552,23;552,23;0,00;;22063;26/02/2025;;;;;0;VISTA;VERO;FALSO;FALSO;FALSO;;Via Asiago, 27;CANTU';CO;Via Asiago, 27;CANTU';;CLI_IT;0,;03361320132;;0,00;TD01;FALSO;FALSO;;;;FALSO
FVI25-00039;;C00030;Fincontinuo S.p.A.;;;1.890,00;1.890,00;0,00;;00192;26/02/2025;;;;;0;VISTA;VERO;FALSO;FALSO;FALSO;;Via Alessandro Farnese, 4;ROMA;RM;Via Alessandro Farnese, 4;ROMA;;CLI_IT;0,;02597720792;;0,00;TD01;FALSO;FALSO;;;;FALSO
FVI25-00038;;C00030;Fincontinuo S.p.A.;;;2.310,00;2.310,00;0,00;;00192;26/02/2025;;;;;0;VISTA;VERO;FALSO;FALSO;FALSO;;Via Alessandro Farnese, 4;ROMA;RM;Via Alessandro Farnese, 4;ROMA;;CLI_IT;0,;02597720792;;0,00;TD01;FALSO;FALSO;;;;FALSO
FVI25-00037;;C00027;Fucino Finance S.P.A.;;;2.462,35;2.462,35;2.462,35;;00186;26/02/2025;;;;;0;VISTA;FALSO;FALSO;FALSO;FALSO;;Via Tomacelli, 107;ROMA;RM;Via Tomacelli, 107;ROMA;;CLI_IT;0,;01861900189;;2.462,35;TD01;FALSO;FALSO;;;;FALSO
FVI25-00036;;C00024;Banca Nazionale del Lavoro S.p.A.;;;2.640,00;2.640,00;0,00;;00157;26/02/2025;;;;;0;VISTA;VERO;FALSO;FALSO;FALSO;;Via Altiero Spinelli, 30;ROMA;RM;Via Altiero Spinelli, 30;ROMA;;CLI_IT;0,;09339391006;;0,00;TD01;FALSO;FALSO;;;;FALSO
FVI25-00035;;C00024;Banca Nazionale del Lavoro S.p.A.;;;528,00;528,00;0,00;;00157;26/02/2025;;;;;0;VISTA;VERO;FALSO;FALSO;FALSO;;Via Altiero Spinelli, 30;ROMA;RM;Via Altiero Spinelli, 30;ROMA;;CLI_IT;0,;09339391006;;0,00;TD01;FALSO;FALSO;;;;FALSO
FVI25-00033;;C00019;Agos Ducato S.p.A.;;;1.586,00;1.586,00;0,00;;20126;20/02/2025;;;;;0;VISTA;VERO;FALSO;FALSO;FALSO;;Viale Fulvio Testi, 280;MILANO;MI;Viale Fulvio Testi, 280;MILANO;;CLI_IT;0,;08570720154;;0,00;TD01;FALSO;FALSO;;;;FALSO
FVI25-00032;;C00044;PERMICRO  S.P.A ;;;200,00;200,00;0,00;;10121;20/02/2025;;;;;0;VISTA;VERO;FALSO;FALSO;FALSO;;Via XX Settembre nr.38;TORINO;TO;Via XX Settembre nr.38;TORINO;;CLI_IT;0,;09645130015;;0,00;TD01;FALSO;FALSO;;;;FALSO
FVI25-00031;;C00004;Banca di Sconto S.p.A.;;;6.237,60;6.237,60;6.237,60;;00187;20/02/2025;;;;;0;VISTA;FALSO;FALSO;FALSO;FALSO;;Via Venti Settembre, 30;ROMA;RM;Via Venti Settembre, 30;ROMA;BO;CLI_IT;0,;14994571009;;6.237,60;TD01;FALSO;FALSO;;;;FALSO
FVI25-00030;;C00004;Banca di Sconto S.p.A.;;;1.382,40;1.382,40;0,00;;00187;20/02/2025;;;;;0;VISTA;VERO;FALSO;FALSO;FALSO;;Via Venti Settembre, 30;ROMA;RM;Via Venti Settembre, 30;ROMA;BO;CLI_IT;0,;14994571009;;0,00;TD01;FALSO;FALSO;;;;FALSO
FVI25-00029;;C00004;Banca di Sconto S.p.A.;;;6.237,60;6.237,60;0,00;;00187;13/02/2025;;;;;0;VISTA;VERO;FALSO;FALSO;FALSO;;Via Venti Settembre, 30;ROMA;RM;Via Venti Settembre, 30;ROMA;BO;CLI_IT;0,;14994571009;;0,00;TD01;FALSO;FALSO;;;;FALSO
FVI25-00028;;C00035;Mediobanca  Premier Spa;;;2.372,00;2.372,00;0,00;;20100;06/02/2025;;;;;0;VISTA;VERO;FALSO;FALSO;FALSO;;Viale Bodio 37 palazzo 4;MILANO;MI;Viale Bodio 37 palazzo 4;MILANO;;CLI_IT;0,;10536040966;;0,00;TD01;FALSO;FALSO;;;;FALSO
FVI25-00027;;C00027;Fucino Finance S.P.A.;;;3.842,00;3.842,00;0,00;;00186;06/02/2025;;;;;0;VISTA;VERO;FALSO;FALSO;FALSO;;Via Tomacelli, 107;ROMA;RM;Via Tomacelli, 107;ROMA;;CLI_IT;0,;01861900189;;0,00;TD01;FALSO;FALSO;;;;FALSO
FVI25-00026;;C00001;IBL Banca S.P.A.;;;5.880,04;5.880,04;0,00;;00187;05/02/2025;;;;;0;0GDF;VERO;FALSO;FALSO;FALSO;;VIA XX SETTEMBRE, 30;ROMA;RM;VIA XX SETTEMBRE, 30;ROMA;BO;CLI_IT;0,;14994571009;;0,00;TD01;FALSO;FALSO;;;;FALSO
FVI25-00025;;C00001;IBL Banca S.P.A.;;;1.882,37;1.882,37;0,00;;00187;05/02/2025;;;;;0;0GDF;VERO;FALSO;FALSO;FALSO;;VIA XX SETTEMBRE, 30;ROMA;RM;VIA XX SETTEMBRE, 30;ROMA;BO;CLI_IT;0,;14994571009;;0,00;TD01;FALSO;FALSO;;;;FALSO
FVI25-00024;;C00004;Banca di Sconto S.p.A.;;;9.552,60;9.552,60;0,00;;00187;05/02/2025;;;;;0;VISTA;VERO;FALSO;FALSO;FALSO;;Via Venti Settembre, 30;ROMA;RM;Via Venti Settembre, 30;ROMA;BO;CLI_IT;0,;14994571009;;0,00;TD01;FALSO;FALSO;;;;FALSO
FVI25-00023;;C00004;Banca di Sconto S.p.A.;;;564,96;564,96;0,00;;00187;05/02/2025;;;;;0;VISTA;VERO;FALSO;FALSO;FALSO;;Via Venti Settembre, 30;ROMA;RM;Via Venti Settembre, 30;ROMA;BO;CLI_IT;0,;14994571009;;0,00;TD01;FALSO;FALSO;;;;FALSO
FVI25-00022;;C00027;Fucino Finance S.P.A.;;;3.708,00;3.708,00;0,00;;00186;30/01/2025;;;;;0;VISTA;VERO;FALSO;FALSO;FALSO;;Via Tomacelli, 107;ROMA;RM;Via Tomacelli, 107;ROMA;;CLI_IT;0,;01861900189;;0,00;TD01;FALSO;FALSO;;;;FALSO
FVI25-00021;;C00001;IBL Banca S.P.A.;;;7.505,40;7.505,40;0,00;;00187;29/01/2025;;;;;0;0GDF;VERO;FALSO;FALSO;FALSO;;VIA XX SETTEMBRE, 30;ROMA;RM;VIA XX SETTEMBRE, 30;ROMA;BO;CLI_IT;0,;14994571009;;0,00;TD01;FALSO;FALSO;;;;FALSO
FVI25-00020;;C00004;Banca di Sconto S.p.A.;;;7.417,80;7.417,80;0,00;;00187;23/01/2025;;;;;0;VISTA;VERO;FALSO;FALSO;FALSO;;Via Venti Settembre, 30;ROMA;RM;Via Venti Settembre, 30;ROMA;BO;CLI_IT;0,;14994571009;;0,00;TD01;FALSO;FALSO;;;;FALSO
FVI25-00019;;C00001;IBL Banca S.P.A.;;;1.499,71;1.499,71;0,00;;00187;23/01/2025;;;;;0;0GDF;VERO;FALSO;FALSO;FALSO;;VIA XX SETTEMBRE, 30;ROMA;RM;VIA XX SETTEMBRE, 30;ROMA;BO;CLI_IT;0,;14994571009;;0,00;TD01;FALSO;FALSO;;;;FALSO
FVI25-00018;;C00001;IBL Banca S.P.A.;;;2.634,00;2.634,00;0,00;;00187;21/01/2025;;;;;0;0GDF;VERO;FALSO;FALSO;FALSO;;VIA XX SETTEMBRE, 30;ROMA;RM;VIA XX SETTEMBRE, 30;ROMA;BO;CLI_IT;0,;14994571009;;0,00;TD01;FALSO;FALSO;;;;FALSO
FVI25-00017;;C00026;Switcho S.r.l.;;;130,00;130,00;0,00;;20145;20/01/2025;;;;;0;VISTA;VERO;FALSO;FALSO;FALSO;;Via Lorenzo Mascheroni, 15;MILANO;MI;Via Lorenzo Mascheroni, 15;MILANO;;CLI_IT;0,;10740070965;;0,00;TD01;FALSO;FALSO;;;;FALSO
FVI25-00016;;C00019;Agos Ducato S.p.A.;;;2.360,80;2.360,80;0,00;;20126;20/01/2025;;;;;0;VISTA;VERO;FALSO;FALSO;FALSO;;Viale Fulvio Testi, 280;MILANO;MI;Viale Fulvio Testi, 280;MILANO;;CLI_IT;0,;08570720154;;0,00;TD01;FALSO;FALSO;;;;FALSO
FVI25-00014;;C00001;IBL Banca S.P.A.;;;1.848,60;1.848,60;0,00;;00187;16/01/2025;;;;;0;0GDF;VERO;FALSO;FALSO;FALSO;;VIA XX SETTEMBRE, 30;ROMA;RM;VIA XX SETTEMBRE, 30;ROMA;BO;CLI_IT;0,;14994571009;;0,00;TD01;FALSO;FALSO;;;;FALSO
FVI25-00013;;C00004;Banca di Sconto S.p.A.;;;5.034,24;5.034,24;0,00;;00187;16/01/2025;;;;;0;VISTA;VERO;FALSO;FALSO;FALSO;;Via Venti Settembre, 30;ROMA;RM;Via Venti Settembre, 30;ROMA;BO;CLI_IT;0,;14994571009;;0,00;TD01;FALSO;FALSO;;;;FALSO
FVI25-00012;;C00019;Agos Ducato S.p.A.;;;3.448,00;3.448,00;3.448,00;;20126;13/01/2025;;;;;0;VISTA;FALSO;FALSO;FALSO;FALSO;;Viale Fulvio Testi, 280;MILANO;MI;Viale Fulvio Testi, 280;MILANO;;CLI_IT;0,;08570720154;;3.448,00;TD01;FALSO;FALSO;;;;FALSO
FVI25-00011;;C00001;IBL Banca S.P.A.;;;1.003,36;1.003,36;0,00;;00187;11/01/2025;;;;;0;0GDF;VERO;FALSO;FALSO;FALSO;;VIA XX SETTEMBRE, 30;ROMA;RM;VIA XX SETTEMBRE, 30;ROMA;BO;CLI_IT;0,;14994571009;;0,00;TD01;FALSO;FALSO;;;;FALSO
FVI25-00010;;C00041;DIMICHINO ANGELO;;;1.600,00;1.600,00;0,00;;75020;10/01/2025;;;;;0;VISTA;VERO;FALSO;FALSO;FALSO;;VIA LUIGI EINAUDI NR.74;SCANZANO JONICO;;VIA LUIGI EINAUDI NR.74;SCANZANO JONICO;;CLI_IT;0,;;;0,00;TD01;FALSO;FALSO;;;;FALSO
FVI25-00009;;C00043;LABELLA VALENTINA;;;1.500,00;1.500,00;0,00;;75020;10/01/2025;;;;;0;VISTA;VERO;FALSO;FALSO;FALSO;;VIA LUIGI EINAUDI NR. 64;SCANZANO JONICO;;VIA LUIGI EINAUDI NR. 64;SCANZANO JONICO;;CLI_IT;0,;;;0,00;TD01;FALSO;FALSO;;;;FALSO
FVI25-00008;;C00020;COMPASS Banca S.p.A.;;;180,40;180,40;0,00;;20153;08/01/2025;;;;;0;VISTA;VERO;FALSO;FALSO;FALSO;;Via Caldera, 21;MILANO;MI;Via Caldera, 21;MILANO;;CLI_IT;0,;10536040966;;0,00;TD01;FALSO;FALSO;;;;FALSO
FVI25-00007;;C00035;Mediobanca  Premier Spa;;;554,37;554,37;0,00;;20100;08/01/2025;;;;;0;VISTA;VERO;FALSO;FALSO;FALSO;;Viale Bodio 37 palazzo 4;MILANO;MI;Viale Bodio 37 palazzo 4;MILANO;;CLI_IT;0,;10536040966;;0,00;TD01;FALSO;FALSO;;;;FALSO
FVI25-00006;;C00035;Mediobanca  Premier Spa;;;1.664,00;1.664,00;0,00;;20100;08/01/2025;;;;;0;VISTA;VERO;FALSO;FALSO;FALSO;;Viale Bodio 37 palazzo 4;MILANO;MI;Viale Bodio 37 palazzo 4;MILANO;;CLI_IT;0,;10536040966;;0,00;TD01;FALSO;FALSO;;;;FALSO
FVI25-00005;;C00027;Fucino Finance S.P.A.;;;7.535,00;7.535,00;0,00;;00186;08/01/2025;;;;;0;VISTA;VERO;FALSO;FALSO;FALSO;;Via Tomacelli, 107;ROMA;RM;Via Tomacelli, 107;ROMA;;CLI_IT;0,;01861900189;;0,00;TD01;FALSO;FALSO;;;;FALSO
FVI25-00004;;C00001;IBL Banca S.P.A.;;;4.019,76;4.019,76;0,00;;00187;07/01/2025;;;;;0;0GDF;VERO;FALSO;FALSO;FALSO;;VIA XX SETTEMBRE, 30;ROMA;RM;VIA XX SETTEMBRE, 30;ROMA;BO;CLI_IT;0,;14994571009;;0,00;TD01;FALSO;FALSO;;;;FALSO
FVI25-00003;;C00024;Banca Nazionale del Lavoro S.p.A.;;;321,60;321,60;0,00;;00157;02/01/2025;;;;;0;VISTA;VERO;FALSO;FALSO;FALSO;;Via Altiero Spinelli, 30;ROMA;RM;Via Altiero Spinelli, 30;ROMA;;CLI_IT;0,;09339391006;;0,00;TD01;FALSO;FALSO;;;;FALSO
FVI25-00002;;C00024;Banca Nazionale del Lavoro S.p.A.;;;1.608,00;1.608,00;0,00;;00157;02/01/2025;;;;;0;VISTA;VERO;FALSO;FALSO;FALSO;;Via Altiero Spinelli, 30;ROMA;RM;Via Altiero Spinelli, 30;ROMA;;CLI_IT;0,;09339391006;;0,00;TD01;FALSO;FALSO;;;;FALSO
FVI25-00001;;C00004;Banca di Sconto S.p.A.;;;14.671,08;14.671,08;0,00;;00187;02/01/2025;;;;;0;VISTA;VERO;FALSO;FALSO;FALSO;;Via Venti Settembre, 30;ROMA;RM;Via Venti Settembre, 30;ROMA;BO;CLI_IT;0,;14994571009;;0,00;TD01;FALSO;FALSO;;;;FALSO
